geomaterial_id,mineral_IMA
1,Abelsonite
2,Abenakiite-(Ce)
3,Abernathyite
4,Abhurite
5,Ablykite
6,Abraum Salts
8,Absite
9,Abswurmbachite
10,Acanthite
11,Acanthoîde
13,Acetamide
14,Achavalite
15,Achlusite
16,Achrematite
17,Achtaragdite
18,Actinolite
19,Acuminite
21,Adamite
22,Adamsite
23,Adelite
24,Adigeite
27,Admontite
28,Adularia
30,Aedelforsite (of Retzius)
31,Aegirine
32,Aegirine-augite
33,Aenigmatite
34,Aerinite
36,Aerugite
37,Aeschynite-(Ce)
38,Aeschynite-(Nd)
39,Aeschynite-(Y)
40,Aeschynite
41,Afghanite
42,Afwillite
43,Agardite-(Nd)
44,Agardite-(Y)
45,Agalmatolite
46,Agardite
48,Agardite-(Ce)
49,Agardite-(Dy)
50,Agardite-(La)
51,Agate
52,Agate-Jasper
53,Agathacopalite
55,Aglaurite
57,Agrellite
58,Agrinierite
59,Aguilarite
60,Aheylite
61,Ahlfeldite
62,Aidrylite
63,Aikinite
65,Ainalite
66,Ajoite
67,Akaganeite
68,Akatoreite
69,Akdalaite
70,Akermanite
71,Akhtenskite
72,Akrochordite
73,Aksaite
74,Aktashite
75,Al-chamosite
77,Al-lizardite
78,Al-pyroxene
80,Alkali-ferrohastingsite
81,Alkali-spinel
87,Aluminocopiapite
89,Alabandite
90,Alabaster
91,Alacranite
92,Alaite
93,Alamosite
94,Alarsite
95,Alaskaite
96,Albite
97,Albrechtschraufite
101,Aldanite
103,Albrittonite
104,Aldermanite
106,Ferro-taramite
107,Aluminium
108,Aleksite
109,Alexandrite
110,Alexandrolite
111,Alexjejewite
112,Alforsite
113,Algerite
114,Algodonite
115,Aliettite
116,Alipite
117,Alisonite
118,Alkali Feldspar
120,Alkali-beryl
122,Allactite
123,Allagite
125,Allanite-(Ce)
126,Allanite-(La)
127,Allanite-(Y)
128,Allargentum
129,Alleghanyite
133,Allevardite
134,Alloclasite
136,Allomorphite
137,Allophane-chrysocolla
138,Allophane-evansite
139,Allophane
140,Allophite
141,Alluaivite
142,Alluaudite
143,Almbosite
145,Aloisiite
146,Alstonite
147,Altaite
148,Althausite
149,Althupite
150,Altisite
152,Alum Group
154,Aluminite
157,Alumohydrocalcite
158,Pharmacoalumite
159,Alumotantite
160,Alumotungstite
161,Alunite
162,Alunogen
163,Alurgite
164,Alushtite
165,Alvanite
166,Alvite
173,Ammonium-Aphthitalite
180,Amakinite
181,Amalgam
182,Amarantite
183,Amarillite
184,Amazonite
185,Ammonium-Vermiculite
188,Amber
189,Amblygonite
190,Ammonium-Illite
195,Ameghinite
197,Amesite
198,Amethyst
199,Amicite
200,Aminoffite
201,Ammersooite
202,Ammiolite
203,Ammonioalunite
204,Ammonioborite
205,Ammoniojarosite
206,Ammonioleucite
207,Amphibole Supergroup
208,Amstallite
209,Antimony Ochre
210,Analcime
211,Anapaite
213,Anatase
214,Anauxite
216,Ancylite-(Ce)
217,Andalusite
218,Anderbergite
219,Andersonite
220,Andesine
221,Andesine-oligoclase
222,Andorite
223,Andradite
225,Andremeyerite
226,Andrewsite
227,Anduoite
229,Anemousite
231,Angelellite
232,Angelite
233,Anglesite
234,Anhydrite
235,Anhydrokainite
236,Anilite
237,Animikite
239,Ankerite
240,Annabergite
241,Annite
242,Bismuth-bearing Tetrahedrite
243,Anomalite
244,Anomite
245,Anophorite
246,Anorthite
247,Anorthoclase-Sanidine
248,Anorthoclase
249,Anosovite
250,Antamokite
251,Antarcticite
252,Anthoinite
253,Anthonyite
254,Anthophyllite
255,Anthosiderite
257,Anthraconite
260,Antigorite
262,Antimony
264,Antimonial Silver
265,Polybasite-Tac
266,Antimonselite
267,Antiperthite
268,Antlerite
270,Antrimolite
271,Anyuiite
272,Apachite
273,Apatelite
274,Apatite Supergroup
278,Aphrosiderite
280,Aphthitalite
281,Apjohnite
282,Aplowite
283,Apophyllite Group
284,Apthonite
285,Apuanite
286,Aquacreptite (of Harada)
287,Aquacreptite (of Shepard)
288,Aquacreptite
289,Aquamarine
290,Argentojarosite
291,Argentopentlandite
292,Arsenogoyazite
294,Arsenolite
295,Arsenoflorencite-(La)
296,Arsenoflorencite-(Nd)
299,Argentopyrite
300,Argentocuprocosalite
301,Arsenohauchecornite
303,Arsenopalladinite
304,Arsenogorceixite
305,Arsenopyrite
307,Aragonite
308,Aragotite
310,Aramayoite
311,Aravaipaite
312,Arsenolamprite
313,Silver-bearing Lillianite
314,Arcanite
315,Archerite
316,Arctite
317,Arctolite
318,Arcubisite
319,Argentotennantite-(Zn)
320,Ardaite
321,Ardealite
322,Ardennite-(As)
324,Arequipite
325,Arfvedsonite
326,Argentite
327,Argentoaikinite
329,Argentocosalite
330,Argutite
331,Argyrodite
332,Argyropyrite
333,Arhbarite
334,Aristarainite
335,Arite
336,Arizonite (of Hanks)
338,Arizonite (of Palmer)
340,Arkosite
341,Armalcolite
342,Armangite
343,Armenite
344,Armstrongite
347,Aromite (of Darapsky)
349,Arquerite
350,Arrhenite
351,Arrojadite-(KFe)
353,Antimony-bearing Gersdorffite
354,Arsenargentite
356,Arsendescloizite
357,Arsenic
359,Arseniopleite
360,Arseniosiderite
363,Arsenobismite
364,Arsenoclasite
365,Arsenocrandallite
366,Arsenoflorencite-(Ce)
367,Pearceite-T2ac
368,Arsenschwefel
370,Arsensulfurite
372,Arsentsumebite
373,Arsenuranospathite
374,Arsenuranylite
375,Arshinovite
376,Arthurite
377,Artinite
378,Artroeite
379,Arupite
380,Arzakite
381,Arzrunite
382,Asbecasite
383,Asbestos
384,Asbolane
385,Asbophite
386,Aschamalmite
387,Ashanite
388,Ashburtonite
389,Ashcroftine-(Y)
390,Ashtonite
391,Asisite
392,Askanite
393,Aspasiolite
394,Asperolite
397,Asselbornite
398,Star Quartz
401,Asteroite
402,Astochite
404,Astrocyanite-(Ce)
405,Astrophyllite
406,Atacamite
407,Atelestite
408,Athabascaite
409,Atheneite
410,Atheriastite
411,Atlasite
412,Atlasovite
413,Atokite
414,Atopite
415,Attakolite
416,Aubertite
418,Auerlite
419,Augite
420,Augite-Bronzite
421,Auralite
422,Aurichalcite
423,Auricupride
424,Gold-bearing Pyrite
426,Aurobismuthinite
428,Aurorite
429,Aurosmiridium
430,Aurostibite
431,Austenite
432,Austinite
433,Autunite
434,Avaite
435,Avalite
436,Aventurine
437,Avicennite
438,Avogadrite
439,Awaruite
442,Azoproite
444,Azovskite
447,Azurite
449,Ånnerødite
451,Augelite
452,Almandine
453,Ashoverite
454,Achroite
455,Arandisite
456,Anandite
458,Ba-Priderite
459,Barium-bearing Celestine
460,Barium-Sanidine
461,Barium-Lamprophyllite
462,Barytolamprophyllite
464,Barium-bearing Heulandite
466,Barytocalcite
470,Barium-Uranophane
472,Bariopharmacosiderite
474,Barium-bearing phlogopite
475,Barium-Vanadium-Muscovite
476,Babefphite
478,Babingtonite
479,Baddeckite
480,Baddeleyite
481,Badenite
482,Bafertisite
483,Baghdadite
484,Bahianite
485,Baikalite
486,Baikerite
488,Baileychlore
490,Bakerite
492,Balangeroite
495,Balipholite
496,Balkanite
498,Ballas
499,Ballesterosite
500,Balvraidite
501,Balyakinite
502,Bambollaite
504,Banalsite
506,Bandylite
508,Bannermanite
509,Bannisterite
510,Baotite
511,Bararite
512,Baratovite
513,Barberiite
514,Stichtite-2H
516,Barbosalite
517,Barcenite
518,Bardiglio
520,Barentsite
521,Barettite
522,Bariandite
524,Baricite
525,Bario-orthojoaquinite
526,Bariomicrolite (of Hogarth 1977)
528,Barium-Adularia
529,Barium-Albite
531,Barium-Anorthite (of Nockolds and Zies)
532,Barklyite
533,Barnesite
534,Barnhardtite
535,Barrandite
536,Barrerite
537,Barringerite
538,Barringtonite
539,Barroisite
540,Barstowite
541,Bartelkeite
542,Copper-bearing Austinite
543,Bartholomite
544,Bartonite
545,Barylite
546,Barysilite
548,Barytbiotite
549,Baryte
550,Baryto-Fluate of Lime
551,Barytoanglesite
554,Basaltic Hornblende
556,Basiliite
557,Bassanite
558,Bassetite
559,Bastinite
560,Bastnasite-(Ce)
561,Bastnasite-(La)
562,Bastnasite-(Y)
563,Bastnäsite
564,Bastonite
565,Batavite
566,Batchelorite
567,Bathvillite
568,Batisite
569,Batrachite
570,Bauerite
571,Argentobaumhauerite
572,Baumhauerite
573,Baumite
574,Bauranoite
576,Bavalite
577,Bavenite
578,Bayankhanite
579,Bayate
580,Bayerite
581,Bayldonite
582,Bayleyite
583,Baylissite
584,Bazhenovite
585,Bazirite
586,Bazzite
587,Beaconite
588,Bean Ore
589,Bearsite
590,Bearthite
591,Beaverite-(Cu)
592,Beccarite
593,Bechererite
594,Bechilite
596,Beckerite
597,Becquerelite
598,Bedenite
599,Beegerite
600,Beekite
601,Befanamite
602,Behierite
603,Behoite
604,Beidellite
605,Beiyinite
607,Beldongrite
608,Belendorffite
609,Belkovite
610,Bellbergite
611,Bellidoite
612,Bellingerite
613,Bellite
614,Belmontite
615,Belomorite
618,Belovite-(Ce)
619,Belyankinite
621,Bementite
622,Benauite
623,Benavidesite
624,Benitoite
625,Benjaminite
626,Benstonite
627,Bentorite
628,Beraunite
629,Berborite
630,Berdesinskiite
631,Bergenite
632,Bergslagite
633,Berlinite
634,Bermanite
635,Bernalite
636,Bernardite
637,Berndtite
638,Berryite
639,Berthierine
640,Berthierite
641,Bertossaite
642,Bertrandite
643,Beryllite
644,Beryllonite
645,Berzelianite
646,Berzeliite
647,Paralomonosovite
649,Betafite (of Hogarth 1977)
650,Betekhtinite
651,Betpakdalite-CaCa
652,Beudantite
653,Beusite
654,Beyerite
655,Beyrichite
656,Bezsmertnovite
657,Bhreckite
658,Bismutohauchecornite
659,Bismutostibiconite
660,Bianchite
661,Bicchulite
662,Bideauxite
663,Bismutotantalite
664,Bieberite
665,Bismutomicrolite (of Hogarth 1977)
666,Bielzite
667,Bismutoferrite
668,Biharite
669,Bijvoetite-(Y)
670,Bikitaite
671,Bilibinite
672,Bilibinskite
673,Bilinite
674,Billietite
675,Billingsleyite
676,Bindheimite
677,Biotite
678,Biphosphammite
679,Biringuccite
680,Birnessite
681,Bischofite
682,Bismite
683,Bismoclite
684,Bismuth
685,Bismuth Ochre
686,Bismuthinite
687,Bismutite
688,Bismutocolumbite
689,Bityite
690,Red Beryl
691,Bixbyite-(Mn)
692,Bjarebyite
693,Blakeite
694,Blatterite
695,Blodite
696,Blixite
697,Blossite
698,Blue John
699,Blue Lace Agate
700,Bobfergusonite
701,Bobierrite
702,Bogdanovite
703,Boggildite
704,Boggsite
705,Bogvadite
706,Bohdanowiczite
707,Bohmite
709,Bokite
710,Bole
712,Boleite
713,Bolivarite
714,Bolivite
716,Boltwoodite
717,Bonaccordite
718,Bonattite
719,Bonshtedtite
720,Boothite
721,Boracite
722,Borax
723,Borcarite
725,Bornemanite
726,Bornhardtite
727,Bornite
728,Borodaevite
729,Boromuscovite
730,Borovskite
731,Bostwickite
732,Botallackite
733,Botryogen
734,Botryolite
735,Bottinoite
738,Boulangerite
739,Bourboulite
741,Bournonite
743,Boussingaultite
744,Bowenite
745,Bowieite
746,Boyleite
748,Bracewellite
749,Brackebuschite
750,Bradleyite
751,Braggite
752,Braitschite-(Ce)
753,Brandtite
754,Brannerite
755,Brannockite
756,Brassite
757,Braunite
758,Bravaisite
759,Bravoite
760,Brazilianite
761,Bredbergite
762,Bredigite
763,Breithauptite
764,Brenkite
765,Iron-bearing Magnesite
766,Brewsterite Subgroup
768,Brezinaite
769,Bruggenite
770,Thorian Uraninite
771,Brianite
772,Brianyoungite
773,Briartite
774,Brindleyite
775,Britholite-(Ce)
776,Britholite-(Y)
778,Brizziite
779,Brochantite
780,Brockite
782,Brokenhillite
783,Bromargyrite
784,Bromellite
785,Eta-bronze
787,Brookite
788,Brossite
789,Brostenite
790,Brownmillerite
791,Brugnatellite
792,Brunogeierite
793,Brushite
794,Buchwaldite
795,Buckhornite
796,Buddingtonite
797,Bukovite
798,Bukovskyite
799,Bulachite
800,Bultfonteinite
801,Bunsenite
802,Burangaite
803,Burbankite
804,Burckhardtite
805,Burkeite
806,Burpalite
807,Bursaite
808,Burtite
809,Bustamite
810,Butlerite
811,Buttgenbachite
812,Byelorussite-(Ce)
813,Bystrite
814,Bystromite
815,Bytownite
816,Brammallite
817,Benleonardite
818,Fluor-buergerite
819,Beryl
820,Brucite
821,Butschliite
822,Brandãosite
823,Ca-Huréaulite
825,Calciocelestine
826,Calciocopiapite
827,Calcioburbankite
828,Calciouranoite
829,Calcioaravaipaite
831,Calciohilairite
832,Calcioferrite
833,Calciogadolinite-(Y)
834,Calciotantite
835,Calciothorite
836,Magnesium-bearing Annabergite
837,Cabriite
839,Cacoclase
840,Cacoxenite
842,Cadmium
844,Cadmoselite
845,Cadwaladerite
846,Calciobetafite (of Mazzi & Munno)
847,Caesium-Biotite
849,Cafarsite
850,Cafetite
851,Cahnite
852,Calaverite
853,Calcareous Tufa
854,Calciborite
855,Calcioancylite-(Ce)
856,Calcioancylite-(Nd)
857,Calcio-biotite
858,Calcio-duftite
859,Calcite
860,Calciocatapleiite
861,Calcjarlite
863,Calcurmolite
864,Calderite
865,Caledonite
867,Calkinsite-(Ce)
868,Callaghanite
869,Calomel
870,Calumetite
871,Calzirtite
872,Camerolaite
873,Cameronite
874,Camgasite
875,Caminite
876,Campigliaite
877,Canaphite
878,Canasite
879,Canavesite
880,Cancrinite
881,Cancrisilite
882,Canfieldite
883,Cannizzarite
884,Cannonite
886,Capgaronnite
888,Capped Quartz
889,Cappelenite-(Y)
890,Caracolite
891,Carboborite
892,Carbocernaite
893,Carboirite
894,Carbonatecyanotrichite
895,Carbonate-rich Fluorapatite
896,Carbonate-rich Hydroxylapatite
897,Carbonate-Vishnevite
898,Carletonite
899,Carlfriesite
900,Carlhintzeite
901,Carlinite
902,Carlosruizite
903,Carlosturanite
904,Carlsbergite
905,Carminite
906,Carnallite
907,Carnotite
908,Carobbiite
909,Carpholite
910,Carrboydite
911,Carrollite
912,Caryinite
913,Caryopilite
914,Cascandite
915,Cassedanneite
916,Cassidyite
917,Cassiterite
918,Caswellsilverite
919,Catapleiite
920,Cattierite
921,Cavansite
922,Caysichite-(Y)
923,Cebaite-(Ce)
924,Cebollite
925,Cechite
926,Celadonite
927,Celestine
928,Celsian
929,Cerianite-(Ce)
930,Ceriopyrochlore (of Hogarth 1977)
931,Cerite-(CeCa)
933,Ceruleite
934,Cerussite
935,Cervandonite-(Ce)
936,Cervantite
937,Cervelleite
938,Cesanite
939,Cesarolite
940,Cesbronite
941,Cesplumtantite
943,Cetineite
945,Chalcosiderite
946,Chlorophoenicite
947,Chalcophanite
948,Chlorophane
949,Chalcomenite
950,Chloropal (of Schneiderhöhn)
951,Chlorophaeite
952,Chrysoprase
953,Chloroxiphite
954,Chalconatronite
955,Chalcopyrite
956,Chabazite
957,Chabourneite
958,Chaidamuite
959,Chalcanthite
960,Chalcedony
961,Chalcoalumite
962,Chalcocite
963,Chalcocyanite
964,Chalcolamprite
965,Chameanite
966,Chambersite
967,Chamosite
968,Changbaiite
969,Chantalite
970,Chapmanite
971,Charlesite
972,Charoite
973,Chatkalite
974,Chayesite
975,Chrysotile
977,Chalcotrichite
978,Chalcothallite
979,Chalcophyllite
981,Chlorophyllite
982,Chlorothionite
983,Chalcostibite
984,Chekhovichite
985,Chelkarite
986,Chenevixite
987,Chenite
988,Cheralite-(Ce)
989,Cheremnykhite
990,Cherepanovite
991,Chernikovite
992,Chernovite-(Y)
993,Chernykhite
995,Chervetite
996,Chessexite
997,Chesterite
998,Chestermanite
1000,Chlorosaphir
1001,Chiastolite
1002,Chiavennite
1003,Childrenite
1004,Chiluite
1006,Chiolite
1007,Chkalovite
1008,Chladniite
1010,Chlor-manasseite
1011,Chlor-spodiosite
1012,Chloraluminite
1013,Chlorapatite
1014,Chlorargyrite
1015,Chlorellestadite
1016,Chlorite Group
1017,Chloritoid
1018,Chlormagaluminite
1019,Chlormanganokalite
1020,Chlorocalcite
1022,Chloromagnesite
1023,Chloromelanite
1025,Chocolite
1026,Choloalite
1027,Chondrodite
1028,Chrisstanleyite
1029,Christite
1030,Chromatite
1031,Chromium-dravite
1032,Chrome-Cerussite
1033,Chromium-bearing Diopside
1034,Chrome-bearing Grossular
1035,Chromferide
1036,Chromite
1037,Chromium
1038,Chromohercynite
1039,Chrysoberyl
1040,Chrysocolla
1043,Chudobaite
1044,Chukhrovite-(Ce)
1045,Chukhrovite-(Y)
1046,Chukhrovite
1047,Churchite-(Y)
1048,Chursinite
1049,Chvaleticeite
1050,Chvilevaite
1051,Cianciulliite
1052,Cinnabar
1053,Cirrolite
1054,Citrine
1055,Clinoclase
1056,Clairite
1057,Claraite
1058,Claringbullite
1059,Clarkeite
1060,Claudetite
1061,Clausthalite
1062,Clay minerals
1064,Cliffordite
1065,Clinoatacamite
1066,Clinobehoite
1067,Clinobisvanite
1068,Clinochalcomenite
1070,Clinochlore
1071,Clinochrysotile
1072,Clinoenstatite
1073,Clinoferrosilite
1075,Clinohedrite
1077,Clinohumite
1078,Clinojimthompsonite
1079,Clinokurchatovite
1080,Mimetite-M
1081,Clinophosinaite
1082,Clinoptilolite Subgroup
1083,Clinosafflorite
1084,Clinotobermorite
1086,Clinoungemachite
1087,Clinozoisite
1088,Clintonite
1089,Cobalt-bearing Smithsonite
1091,Cobaltkoritnigite
1092,Cobaltomenite
1093,Cobaltite
1094,Cobalt-bearing Calcite
1095,Coalingite
1097,Cobaltpentlandite
1098,Cobaltzippeite
1099,Cobaltaustinite
1100,Coccinite
1101,Cochromite
1102,Coconinoite
1103,Coeruleolactite
1104,Coesite
1105,Cobalt-bearing Dolomite
1106,Coffinite
1107,Cohenite
1108,Colemanite
1109,Collinsite
1110,Coloradoite
1111,Colquiriite
1113,Colusite
1114,Comancheite
1115,Combeite
1116,Comblainite
1117,Compreignacite
1118,Congolite
1119,Conichalcite
1120,Connellite
1121,Cookeite
1122,Coombsite
1123,Cooperite
1124,Copiapite
1125,Coquandite
1126,Coquimbite
1127,Corderoite
1128,Cordierite
1129,Cordylite-(Ce)
1130,Corkite
1131,Cornetite
1132,Cornubite
1133,Cornwallite
1134,Coronadite
1135,Corrensite
1136,Corundum
1137,Corundophilite
1138,Corvusite
1139,Cosalite
1140,Costibite
1141,Cotunnite
1142,Coulsonite
1143,Cousinite
1144,Covellite
1145,Cowlesite
1146,Coyoteite
1147,Crandallite
1148,Crawfordite
1149,Creaseyite
1150,Crednerite
1151,Creedite
1152,Creolite
1153,Crichtonite
1154,Criddleite
1155,Cristobalite
1157,Crocoite
1158,Cronstedtite
1159,Crookesite
1160,Crossite
1161,Cryolite
1162,Cryolithionite
1163,Cryptohalite
1164,Cryptomelane
1165,Csiklovaite
1166,Cuproartinite
1167,Cualstibite
1168,Cubanite
1170,Cummingtonite
1171,Cupalite
1172,Cuprite
1173,Cuproasbolane
1174,Copper-bearing Adamite
1175,Cuproapatite
1177,Cuprobismutite
1178,Copper-bearing Boulangerite
1179,Cuprocalcite
1180,Cuprocassiterite
1181,Cuprocopiapite
1183,Copper-bearing Descloizite
1184,Cuprofaustite
1186,Cuproiridsite
1187,Cupropavonite
1188,Cuprorhodsite
1189,Cuprorivaite
1190,Copper-bearing Scheelite
1191,Cuprosklodowskite
1192,Cuprospinel
1193,Cuprostibite
1194,Cuprotungstite
1195,Curetonite
1196,Curienite
1197,Curite
1198,Cuspidine
1199,Cuzticite
1200,Cyanochroite
1201,Cyanolite
1202,Cualstibite-1M
1203,Cyanotrichite
1204,Cylindrite
1205,Cymrite
1206,Cyrilovite
1207,Chaoite
1208,Chengdeite
1209,Copper
1210,Cernyite
1211,Dansite
1212,Dachiardite Subgroup
1213,Dadsonite
1214,Dalyite
1215,Damaraite
1217,Danbaite
1218,Danburite
1219,Danielsite
1222,Daomanite
1223,Daphnite
1224,Daqingshanite-(Ce)
1225,Darapiosite
1226,Darapskite
1227,Darlingite
1229,Daubreeite
1230,Daubreelite
1231,Davanite
1232,Davidite
1233,Davidite-(Ce)
1234,Davidite-(La)
1235,Davidite-(Y)
1236,Davisonite
1237,Davreuxite
1238,Davyne
1240,Dawsonite
1241,Cobalt-bearing Malanite
1242,Deanesmithite
1243,Dechenite
1244,Deeckeite
1245,Deerite
1246,Defernite
1247,Degeroite
1248,Delafossite
1249,Delanovite
1250,Delessite
1251,Delhayelite
1252,Delindeite
1253,Dellaite
1254,Deloryite
1255,Delrioite
1256,Deltaite
1257,Delvauxite
1258,Demantoid
1259,Demesmaekerite
1260,Denhardtite
1261,Denisovite
1262,Denningite
1263,Derbylite
1264,Derriksite
1265,Dervillite
1266,Desautelsite
1267,Descloizite
1268,Desert Rose
1269,Despujolsite
1270,Devilline
1272,Deweylite
1273,Dewindtite
1274,Dhanrasite
1275,Diabantite
1276,Diaboleite
1277,Diackethyst
1278,Diaclasite
1279,Diadochite
1281,Diallage
1282,Diamond
1283,Diaoyudaoite
1284,Diaphorite
1285,Diaspore
1286,Dickinsonite-(KMnNa)
1287,Dickite
1288,Dienerite
1289,Dietrichite
1290,Dietzeite
1291,Digenite
1292,Dimorphite
1294,Diopside
1295,Dioptase
1296,Dissakisite-(Ce)
1297,Dittmarite
1298,Dixenite
1299,Djerfisherite
1300,Djurleite
1301,Dmisteinbergite
1302,Dolerophanite
1303,Dollaseite-(Ce)
1304,Dolomite
1305,Doloresite
1306,Domeykite
1307,Donathite
1308,Donharrisite
1309,Donnayite-(Y)
1310,Donpeacorite
1311,Dorallcharite
1312,Dorfmanite
1313,Dorrite
1314,Douglasite
1315,Downeyite
1316,Doyleite
1317,Dozyite
1318,Dravite
1319,Dresserite
1320,Dreyerite
1321,Drugmanite
1322,Drysdallite
1323,Dufrenite
1324,Dufrenoysite
1325,Duftite
1326,Dugganite
1327,Duhamelite
1328,Dumontite
1329,Dumortierite
1330,Dundasite
1331,Dunhamite
1332,Durangite
1333,Duranusite
1334,Dussertite
1335,Duttonite
1336,Dwornikite
1338,Dypingite
1339,Dzhalindite
1340,Datolite
1341,Danalite
1342,Dyscrasite
1343,Eakerite
1344,Earlandite
1345,Earlshannonite
1346,Ecandrewsite
1348,Eckermannite
1349,Eclarite
1350,Edenharterite
1351,Edenite
1352,Edgarbaileyite
1353,Edingtonite
1354,Edoylerite
1355,Efremovite
1356,Eggletonite
1357,Eglestonite
1358,Ehrleite
1359,Eifelite
1360,Eitelite
1361,Ekanite
1362,Ekaterinite
1363,Ecdemite
1364,Elbaite
1365,Electrum
1366,Ellenbergerite
1367,Ellestadite
1368,Ellisite
1369,Elpasolite
1370,Elpidite
1371,Elyite
1372,Bromine-bearing Chlorargyrite
1373,Embreyite
1374,Emeleusite
1375,Emerald
1376,Emildine
1377,Emmonsite
1378,Emplectite
1379,Empressite
1380,Enargite
1382,Arsenic-bearing Vanadinite
1383,Englishite
1384,Enstatite
1385,Enysite
1386,Eosphorite
1387,Ephesite
1388,Epididymite
1389,Epidote
1390,Epigenite
1391,Epistilbite
1392,Epistolite
1393,Epsomite
1394,Erdite
1396,Ericaite
1397,Ericssonite
1398,Eriochalcite
1399,Erionite Subgroup
1400,Erlianite
1401,Erlichmanite
1402,Ernienickelite
1403,Erniggliite
1404,Ernstite
1405,Ershovite
1406,Ertixiite
1407,Erythrite
1408,Erythrosiderite
1409,Eskebornite
1410,Eskimoite
1411,Eskolaite
1412,Esperite
1413,Esseneite
1414,Ettringite
1415,Eucairite
1416,Euchlorine
1417,Euchroite
1418,Euclase
1419,Eucryptite
1420,Eudialyte
1421,Eudidymite
1422,Eugenite
1423,Eugsterite
1424,Eulytine
1425,Euxenite-(Y)
1426,Evansite
1427,Eveite
1428,Evenkite
1429,Ewaldite
1430,Eylettersite
1431,Ezcurrite
1432,Eztlite
1433,Fabianite
1435,Faheyite
1436,Fahleite
1437,Tennantite-Tetrahedrite Series
1438,Fahlunite
1439,Fairbankite
1440,Fairbanksite
1441,Fairburn Agate
1442,Fairchildite
1443,Fairfieldite
1444,Falcondoite
1445,Falkenstenite
1446,Falkmanite
1451,Famatinite
1452,Fangite
1453,Faratsihite
1456,Farringtonite
1458,Fayalite
1459,Axinite-(Fe)
1461,Ferro-ferri-barroisite
1463,Clinofergusonite-(Y)
1464,Ferro-anthophyllite
1465,Ferro-eckermannite
1466,Clinofergusonite-(Nd)
1467,Fedorite
1468,Fedorovskite
1469,Fedotovite
1471,Ferro-ferri-winchite
1472,Ferro-edenite
1473,Feitknechtite
1474,Felsobanyaite
1475,Fenaksite
1476,Ferberite
1477,Ferchromide
1478,Fergusonite-(Ce)
1479,Fergusonite-(Nd)
1480,Fergusonite-(Y)
1481,Clinofergusonite-(Ce)
1482,Johnbaumite-M
1483,Fernandinite
1484,Feroxyhyte
1485,Ferrarisite
1487,Ferri-barroisite
1488,Ferro-ferri-taramite
1489,Ferri-winchite (of Leake 1978)
1490,Ferricopiapite
1492,Ferrierite Subgroup
1493,Ferrihydrite
1494,Ferro-ferri-katophorite
1495,Ferrilotharmeyerite
1496,Ferrimolybdite
1497,Ferrinatrite
1498,Ferripyrophyllite
1499,Ferrisicklerite
1500,Ferristrunzite
1501,Ferrisurite
1502,Ferrisymplesite
1503,Ferri-tschermakite
1504,Ferritungstite
1505,Ferro-actinolite
1506,Ferro-åkermanite
1507,Ferroalluaudite
1509,Iron-Platinum alloy
1510,Ferro-barroisite
1511,Ferrobustamite
1512,Ferrocarpholite
1513,Clino-holmquistite Root Name Group
1514,Columbite-(Fe)
1515,Ferro-gedrite
1516,Ferro-glaucophane
1517,Ferrohexahydrite
1519,Ferro-hornblende
1520,Ferrohortonolite
1521,Ferro-kaersutite
1522,Ferrokesterite
1523,Ferronickelplatinum
1524,Ferro-pargasite
1525,Pyrosmalite-(Fe)
1526,Ferro-richterite
1527,Ferroselite
1528,Ferrosilite
1529,Ferrostrunzite
1530,Tantalite-(Fe)
1531,Tapiolite-(Fe)
1532,Ferro-tschermakite
1533,Ferrotychite
1534,Ferro-winchite
1535,Ferrowodginite
1536,Ferrowyllieite
1537,Ferruccite
1538,Fersmanite
1539,Fersmite
1540,Feruvite
1541,Fervanite
1542,Fetiasite
1543,Fettelite
1544,Fibroferrite
1545,Fichtelite
1547,Fiedlerite
1548,Filipstadite
1549,Fillowite
1550,Fingerite
1551,Finnemanite
1552,Fischesserite
1554,Fizelyite
1555,Flagstaffite
1556,Fleischerite
1557,Fletcherite
1558,Flinkite
1559,Fuloppite
1560,Florencite-(Ce)
1561,Florencite-(La)
1562,Florencite-(Nd)
1563,Florensovite
1564,Fluckite
1565,Fluellite
1566,Fluoborite
1567,Fluocerite-(Ce)
1568,Fluocerite-(La)
1569,Fluocerite
1572,Fluorapatite
1573,Fluorapophyllite-(K)
1574,Fluorbritholite-(Ce)
1575,Fluorellestadite
1576,Fluorite
1578,Foggite
1579,Foitite
1580,Fontanite
1581,Foordite
1582,Formanite-(Y)
1583,Fornacite
1584,Forsterite
1585,Foshagite
1586,Foshallasite
1587,Fourmarierite
1588,Fraipontite
1589,Francevillite
1590,Franciscanite
1591,Francisite
1592,Franckeite
1593,Francoanellite
1594,Francoisite-(Nd)
1595,Franconite
1596,Frankdicksonite
1597,Franklinfurnaceite
1598,Franklinite
1599,Franklinphilite
1600,Fransoletite
1601,Franzinite
1602,Freboldite
1603,Fredrikssonite
1604,Freedite
1605,Freibergite Subgroup
1606,Freieslebenite
1607,Fresnoite
1608,Freudenbergite
1609,Friedelite
1610,Friedrichite
1611,Fritzscheite
1612,Frohbergite
1613,Frolovite
1614,Frondelite
1615,Froodite
1617,Fuchsite
1618,Fuenzalidaite
1619,Fukalite
1620,Fukuchilite
1621,Furongite
1622,Furutobeite
1623,Faustite
1624,Feldspar Group
1625,Gabbronite
1626,Gabrielsonite
1627,Gadolinite-(Ce)
1628,Gadolinite-(Y)
1629,Gagarinite-(Y)
1631,Gageite
1632,Gahnite
1633,Gahnospinel
1634,Gaidonnayite
1635,Gainesite
1636,Gaitite
1637,Gajiite
1638,Galactite
1639,Galaxite
1640,Galeite
1641,Galena
1642,Galenobismutite
1643,Galkhaite
1644,Gallite
1645,Gamagarite
1646,Gananite
1647,Ganomalite
1648,Ganomatite
1649,Ganophyllite
1650,Garavellite
1651,Garnet Supergroup
1652,Garrelsite
1653,Garronite-Ca
1654,Gartrellite
1655,Garyansellite
1656,Gasparite-(Ce)
1657,Gaspeite
1659,Gatumbaite
1660,Gaudefroyite
1661,Gaultite
1662,Gaylussite
1663,Gearksutite
1664,Gebhardite
1665,Gedrite
1666,Geerite
1667,Geffroyite
1668,Gehlenite
1669,Geigerite
1670,Geikielite
1671,Geminite
1672,Genkinite
1673,Genthelvite
1674,Geocronite
1675,Georgechaoite
1676,Georgeite
1677,Georgiadesite
1678,Gerasimovskite
1679,Gerdtremmelite
1680,Gerhardtite
1681,Germanite
1682,Germanocolusite
1683,Gersdorffite
1684,Gerstleyite
1685,Gerstmannite
1686,Getchellite
1687,Geversite
1688,Gianellaite
1689,Gibbsite
1690,Giessenite
1691,Gilalite
1692,Gilbertite
1693,Gillespite
1694,Gillulyite
1695,Giniite
1696,Ginorite
1697,Giorgiosite
1698,Giraudite-(Zn)
1699,Girdite
1700,Girvasite
1701,Gismondine-Ca
1702,Gittinsite
1703,Giuseppettite
1704,Glaucophane
1705,Gladite
1706,Glauberite
1707,Glaucocerinite
1708,Glaucochroite
1709,Glaucodot
1710,Glauconite
1711,Glaukosphaerite
1712,Glucine
1713,Glushinskite
1714,Gmelinite Subgroup
1715,Gobbinsite
1716,Godlevskite
1717,Godovikovite
1718,Goedkenite
1719,Goethite
1720,Gold
1721,Goldfieldite
1722,Goldichite
1723,Goldmanite
1724,Gonnardite
1725,Gonyerite
1726,Goosecreekite
1727,Gorceixite
1728,Gordonite
1729,Gormanite
1730,Gortdrumite
1731,Goslarite
1732,Goudeyite
1733,Gowerite
1734,Graemite
1735,Graftonite
1737,Grandidierite
1738,Grandreefite
1739,Grantsite
1740,Graphite
1741,Gratonite
1742,Gravegliaite
1743,Grayite
1744,Grechishchevite
1745,Greenalite
1746,Greenockite
1747,Greigite
1748,Gorgeyite
1749,Griceite
1750,Grimaldiite
1751,Grimselite
1752,Griphite
1753,Grischunite
1754,Grossite
1755,Grossular
1756,Groutite
1757,Grumantite
1758,Grunerite
1759,Gruzdevite
1760,Gotzenite
1761,Guanajuatite
1763,Guanine
1764,Guarinite
1765,Guarinoite
1766,Gudmundite
1767,Guerinite
1768,Guettardite
1769,Gugiaite
1770,Guildite
1771,Guilleminite
1773,Guitermanite
1774,Gummite
1775,Gumucionite
1776,Gunnarite
1777,Gunnbjarnite
1778,Gunningite
1779,Gunnisonite
1780,Gupeiite
1781,Gurhofian
1782,Gustavite
1783,Guyanaite
1784,Gypsum
1785,Gyrolite
1786,Gysinite-(Nd)
1787,Goyazite
1788,Haapalaite
1789,Hackmanite
1792,Hafnon
1793,Hagatalite
1794,Hagemannite
1795,Hagendorfite
1796,Haggite
1797,Haidingerite
1798,Hainite-(Y)
1802,Haiweeite
1803,Hakite-(Hg)
1804,Halite
1807,Hallimondite
1808,Halloysite
1809,Halotrichite
1810,Halurgite
1811,Hambergite
1812,Hammarite
1813,Hanawaltite
1814,Hancockite
1815,Hanksite
1816,Hannayite
1817,Haradaite
1818,Hardystonite
1819,Harkerite
1820,Harmotome
1821,Harrisonite
1822,Harstigite
1823,Hashemite
1824,Hastingsite
1826,Hatchettite
1827,Hatchite
1828,Hatrurite
1829,Hauchecornite
1830,Hauckite
1831,Hauerite
1832,Hausmannite
1833,Hauyne
1834,Hawleyite
1835,Hawthorneite
1836,Haxonite
1837,Haycockite
1838,Haynesite
1839,Heazlewoodite
1840,Hectorfloresite
1841,Hectorite
1842,Hedenbergite
1843,Hedleyite
1844,Hedyphane
1845,Heideite
1846,Heidornite
1848,Heinrichite
1849,Hejtmanite
1852,Hellandite-(Y)
1853,Hellyerite
1854,Helmutwinklerite
1855,Helvine
1856,Hematite
1857,Hematolite
1858,Hematophanite
1859,Hemihedrite
1860,Hemimorphite
1861,Hemloite
1862,Hemusite
1863,Hendersonite
1864,Hendricksite
1865,Heneuite
1866,Henmilite
1867,Hennomartinite
1868,Henritermierite
1869,Hentschelite
1870,Hepatite
1874,Herbeckite
1875,Hercynite
1876,Herderite
1877,"""Herkimer-style"" Quartz"
1878,Herrerite
1880,Herzenbergite
1881,Hessite
1882,Hessonite
1883,Hetaerolite
1885,Heterogenite
1886,Heteromorphite
1887,Heterosite
1888,Heubachite
1889,Heulandite Subgroup
1890,Hewettite
1891,Hexahydrite
1892,Hexahydroborite
1893,Hexatestibiopanickelite
1894,Heyite
1896,Hibbingite
1897,Hibonite
1898,Hibschite
1899,Hidalgoite
1900,Hieratite
1901,Hilairite
1902,Hilgardite
1904,Hillebrandite
1905,Hingganite-(Ce)
1906,Hingganite-(Y)
1907,Hingganite-(Yb)
1908,Hinsdalite
1909,Hiortdahlite
1910,Hisingerite
1911,Hocartite
1912,Hochelagaite
1913,Hodgkinsonite
1914,Hodrusite
1915,Hoelite
1917,Hogtuvaite
1918,Hohmannite
1919,Holdawayite
1920,Holdenite
1921,Hollandite
1922,Hollingworthite
1923,Holmquistite
1924,Holtedahlite
1925,Holtite
1926,Homilite
1927,Honessite
1928,Hongquiite
1929,Hongshiite
1930,Hornblende
1931,Hornesite
1932,Horsfordite
1933,Hotsonite
1934,Howardevansite
1935,Howieite
1936,Howlite
1937,Hsianghualite
1938,Huanghoite-(Ce)
1939,Huangite
1940,Hubnerite
1941,Huemulite
1942,Hugelite
1943,Hulsite
1944,Humberstonite
1946,Humboldtine
1947,Humite
1948,Hummerite
1949,Hunchunite
1950,Hungchaoite
1951,Huntite
1952,Hureaulite
1953,Hurlbutite
1954,Hutchinsonite
1955,Huttonite
1956,Hydroxylbastnasite-(Ce)
1957,Hydroxylbastnasite-(Nd)
1958,Hydroxylellestadite
1959,Opal-AN
1960,Hyalophane
1961,Hyalotekite
1962,Hydroxylherderite
1963,Hydroandradite
1964,Hydroastrophyllite
1965,Hydrobasaluminite
1966,Hydrobiotite
1967,Hydroboracite
1968,Hydrocalumite
1969,Hydrocerussite
1970,Hydrochlorborite
1971,Hydrodelhayelite
1972,Hydrodresserite
1973,Hydroglauberite
1974,Hydrogrossular
1975,Hydrohalite
1976,Hydrohematite
1977,Hydrohetaerolite
1978,Hydrohonessite
1979,Hydromagnesite
1981,Hydrombobomkulite
1982,Hydromolysite
1983,Hydroniumjarosite
1984,Hydrophilite
1985,Hydroromarchite
1986,Hydroscarbroite
1987,Hydrotalcite
1988,Hydrotungstite
1989,Hydroxyapophyllite-(K)
1990,Hydroxycancrinite
1991,Hydroxy-petscheckite
1992,Hydroxylapatite
1993,Hydrozincite
1994,Hypercinnabar
1995,Hypersthene
1996,Hydroxylbastnasite-(La)
1997,Hannebachite
1998,Henryite
1999,Hopeite
2000,Ianthinite
2001,Ice
2002,Idaite
2003,Idrialite
2004,Idrizite
2005,Zinc-bearing Cerussite
2006,Iimoriite-(Y)
2007,Ikaite
2008,Ikunolite
2009,Ilesite
2010,Ilimaussite-(Ce)
2011,Illite
2012,Ilmajokite-(Ce)
2013,Ilmenite
2014,Ilmenorutile
2015,Ilsemannite
2016,Ilvaite
2017,Imandrite
2018,Imgreite
2019,Imhofite
2020,Imiterite
2021,Imogolite
2022,Inaglyite
2023,Incaite
2024,Inderborite
2025,Inderite
2026,Indialite
2027,Indicolite
2028,Indigirite
2029,Indite
2030,Indium
2031,Inesite
2032,Ingersonite
2033,Ingodite
2034,Innelite
2035,Insizwaite
2036,Inyoite
2037,Iodargyrite
2038,Iowaite
2039,Iquiqueite
2040,Iranite
2041,Iraqite-(La)
2042,Irarsite
2043,Irhtemite
2044,Iridarsenite
2045,Iridium
2046,Iriginite
2047,Iron
2048,Iron Ochre
2049,Irtyshite
2050,Ishikawaite
2051,Isoclasite
2052,Isocubanite
2053,Isoferroplatinum
2054,Isokite
2055,Isomertieite
2056,Itoite
2057,Ivanovite
2058,Jacobsite-Q
2059,Ixiolite-(Mn2+)-Ixiolite-(Fe2+) Series
2060,Izoklakeite
2061,Jacobsite
2062,Jadeite
2063,Jaffeite
2064,Jagoite
2065,Jagowerite
2066,Jahnsite-(CaMnFe)
2067,Jahnsite-(CaMnMg)
2068,Jahnsite-(CaMnMn)
2069,Jalpaite
2070,Jamborite
2071,Jamesite
2072,Jamesonite
2073,Janggunite
2074,Janhaugite
2075,Jankovicite
2076,Jarlite
2077,Jarosewichite
2078,Jarosite
2079,Jaskolskiite
2080,Jasmundite
2082,Jasper
2084,Jeanbandyite
2085,Jeffersonite
2086,Jeffreyite
2087,Jennite
2088,Jensenite
2089,Jeppeite
2090,Jeremejevite
2091,Jeromite
2092,Jerrygibbsite
2093,Jervisite
2094,Jianshuiite
2095,Jimboite
2096,Jimthompsonite
2097,Jinshajiangite
2098,Hydroplumboelsmoreite
2099,Joaquinite-(Ce)
2100,Joesmithite
2101,Johachidolite
2102,Johannite
2103,Johannsenite
2104,Johillerite
2105,Johnbaumite
2106,Johninnesite
2107,Johnsomervilleite
2108,Johnwalkite
2109,Jokokuite
2110,Joliotite
2111,Jolliffeite
2112,Jonesite
2113,Jordanite
2114,Jordisite
2115,Joséite
2116,Joseite-A
2117,Joseite-B
2118,Jouravskite
2119,Juanite
2120,Julgoldite-(Fe2+)
2121,Julienite
2122,Jungite
2123,Junitoite
2124,Junoite
2125,Jurbanite
2126,Kaatialaite
2127,Kabaite
2128,Kadyrelite
2129,Kaersutite
2130,Kafehydrocyanite
2131,Kahlerite
2132,Kainite
2133,Kainosite-(Y)
2135,Kalborsite
2136,Kaliborite
2137,Kalinite
2138,Kalininite
2139,Kaliophilite
2140,Hydropyrochlore
2141,Kalistrontite
2142,Kalsilite
2143,Kamacite
2144,Kamaishilite
2145,Kambaldaite
2146,Kamchatkite
2147,Kamiokite
2148,Kamitugaite
2149,Chromium-bearing Clinochlore
2150,Kamotoite-(Y)
2151,Kamphaugite-(Y)
2152,Kanemite
2153,Kankite
2154,Kanoite
2155,Kanonaite
2156,Kaolinite
2157,Karasugite
2158,Karelianite
2159,Karibibite
2160,Karlite
2161,Karnasurtite-(Ce)
2162,Carpathite
2163,Karpinskite
2164,Kashinite
2165,Kasolite
2166,Kassite
2167,Katoite
2168,Ferro-katophorite
2169,Katoptrite
2170,Kawazulite
2171,Kazakhstanite
2172,Kazakovite
2173,Keatite
2174,Keckite
2175,Kegelite
2176,Keithconnite
2177,Keiviite-(Y)
2178,Keiviite-(Yb)
2179,Keldyshite
2180,Kellyite
2181,Kelyanite
2182,Kemmlitzite
2183,Kempite
2184,Kennedyite
2185,Kentrolite
2186,Kenyaite
2187,Kermesite
2188,Kernite
2189,Kesterite
2190,Kettnerite
2191,Keyite
2192,Keystoneite
2193,Khademite
2194,Khamrabaevite
2195,Khanneshite
2196,Kharaelakhite
2197,Khatyrkite
2198,Khibinskite
2199,Khinite
2200,Khristovite-(Ce)
2201,Kiddcreekite
2202,Kidwellite
2203,Kieftite
2204,Kieserite
2205,Kilchoanite
2206,Killalaite
2207,Kimrobinsonite
2208,Kimuraite-(Y)
2209,Kimzeyite
2210,Kingite
2211,Kingsmountite
2212,Kinichilite
2213,Kinoite
2214,Kintoreite
2215,Kipushite
2216,Kirkiite
2217,Kirschsteinite
2218,Kitaibelite
2219,Kitkaite
2220,Kittatinnyite
2221,Kivuite
2222,Kladnoite
2223,Klebelsbergite
2224,Kleemanite
2225,Kleinite
2226,Klockmannite
2227,Klyuchevskite
2228,Knopite
2229,Knorringite
2230,Koashvite
2232,Kobeite-(Y)
2233,Kobellite
2234,Kochkarite
2235,Koechlinite
2236,Kogarkoite
2237,Koktaite
2238,Kolarite
2239,Kolbeckite
2240,Kolfanite
2241,Kolicite
2242,Kolovratite
2243,Kolwezite
2244,Kolymite
2245,Komarovite
2246,Kombatite
2247,Komkovite
2248,Konderite
2249,Koninckite
2250,Kongsbergite
2251,Konyaite
2252,Koritnigite
2253,Kornelite
2254,Kornerupine
2255,Potassic-mangani-leakeite
2256,Korshunovskite
2257,Korzhinskite
2258,Kosmochlor
2259,Kosnarite
2260,Kostovite
2261,Kostylevite
2262,Kotoite
2263,Kottigite
2264,Kotulskite
2265,Koutekite
2266,Kovdorskite
2267,Mangano-ferri-eckermannite
2268,Kraisslite
2269,Kratochvilite
2270,Krausite
2271,Krauskopfite
2272,Krautite
2273,Kremersite
2274,Krennerite
2275,Kribergite
2276,Krinovite
2277,Krohnkite
2278,Krupkaite
2279,Krutaite
2280,Krutovite
2281,Kryzhanovskite
2282,Ktenasite
2283,Kukisvumite
2284,Kuksite
2285,Kulanite
2286,Kuliokite-(Y)
2287,Kulkeite
2288,Kullerudite
2289,Kunzite
2290,Kupletskite
2291,Kuramite
2292,Kuranakhite
2293,Kurchatovite
2294,Kurilite
2295,Kurnakovite
2296,Kurumsakite
2297,Kusachiite
2298,Kutinaite
2299,Kutnohorite
2300,Kuzminite
2301,Kuznetsovite
2302,Kvanefjeldite
2303,Kyanite
2304,Kyzylkumite
2305,Kalicinite
2306,Koenenite
2307,Kinoshitalite
2308,Labradorite
2309,Labuntsovite-Mn
2310,Lacroixite
2311,Laffittite
2312,Laihunite
2313,Laitakarite
2314,Lammerite
2315,Lamprophyllite
2316,Lanarkite
2317,Landauite
2318,Landesite
2319,Langbanite
2320,Langbeinite
2321,Langisite
2322,Langite
2323,Lannonite
2324,Lansfordite
2325,Lanthanite-(Ce)
2326,Lanthanite-(La)
2327,Lanthanite-(Nd)
2328,Laphamite
2329,Lapieite
2331,Laplandite-(Ce)
2332,Larderellite
2333,Larnite
2334,Larosite
2335,Larsenite
2336,Latiumite
2337,Latrappite
2338,Laubmannite
2339,Laueite
2340,Laumontite
2341,Launayite
2342,Laurelite
2343,Laurionite
2344,Laurite
2345,Lausenite
2346,Lautarite
2347,Lautenthalite
2348,Lautite
2349,Lavendulan
2350,Lavrentievite
2351,Lawrencite
2352,Lawsonbauerite
2353,Lawsonite
2354,Lazarenkoite
2355,Lazarevicite
2356,Lazulite
2357,Lazurite
2358,Lead
2359,Lead-parkerite
2360,Leadamalgam
2361,Leadhillite
2362,Ferri-leakeite
2363,Lechatelierite
2364,Lecontite
2365,Legrandite
2367,Lehnerite
2368,Leifite
2369,Leightonite
2370,Leiteite
2371,Lemoynite
2372,Lenaite
2373,Lengenbachite
2374,Leningradite
2375,Lennilenapeite
2376,Lenoblite
2377,Leonite
2378,Lepersonnite-(Gd)
2379,Lepidocrocite
2380,Lepidolite
2381,Lermontovite
2382,Letovicite
2383,Leucophanite
2384,Leucophoenicite
2385,Leucophosphite
2386,Leucosphenite
2387,Levyclaudite
2388,Lévyne
2389,Hydroxycalcioromeite
2390,Lithiotantite
2391,Liandratite
2392,Lithiowodginite
2393,Liberite
2394,Libethenite
2395,Liddicoatite
2396,Liebauite
2397,Liebenbergite
2398,Liebigite
2399,Likasite
2400,Lillianite
2401,Lime
2402,Limonite
2403,Linarite
2404,Lindackerite
2405,Lindgrenite
2406,Lindqvistite
2407,Lindsleyite
2408,Lindstromite
2409,Linnaeite
2410,Lintisite
2411,Liottite
2412,Lipscombite
2413,Liroconite
2414,Lisetite
2415,Lishizhenite
2416,Liskeardite
2417,Lithiomarsturite
2418,Lithiophilite
2419,Lithiophorite
2420,Lithiophosphate
2421,Lithosite
2422,Litidionite
2423,Liveingite
2424,Livingstonite
2425,Lizardite
2426,Lollingite
2427,Lokkaite-(Y)
2428,Lomonosovite
2429,Lonchidite
2430,Lonecreekite
2431,Lonsdaleite
2432,Loparite
2433,Lopezite
2434,Lorandite
2435,Loranskite-(Y)
2436,Lorenzenite
2437,Lorettoite
2438,Loseyite
2439,Lotharmeyerite
2440,Loudounite
2441,Loughlinite
2442,Lourenswalsite
2443,Lovdarite
2444,Loveringite
2445,Lovozerite
2447,Luanheite
2448,Luberoite
2449,Lucasite-(Ce)
2450,Luddenite
2451,Ludjibaite
2452,Ludlamite
2453,Ludlockite
2454,Ludwigite
2455,Lueshite
2456,Luetheite
2457,Lunokite
2458,Luneburgite
2459,Lunijianlaite
2461,Luzonite
2462,Lavenite
2463,Loweite
2464,Lyonsite
2465,Leucite
2466,Litharge
2467,Manganoshadlunite
2468,Manganarsite
2469,Mangangordonite
2470,Manganhumite
2471,Manganosegelerite
2472,Manganophyllite
2473,Magnesiodumortierite
2474,Magnesiozippeite
2475,Manganochromite
2476,Magnesiocoulsonite
2477,Ferri-katophorite
2479,Magnesiostaurolite
2480,Manganberzeliite
2481,Manganogel
2482,Magnesite
2483,Magnesio-hastingsite
2485,Manganolangbeinite
2486,Magnesiocopiapite
2487,Lobanovite
2488,Ferri-taramite
2490,Axinite-(Mg)
2491,Pyrosmalite-(Mn)
2492,Manganbelyankinite
2493,Magnesiochromite
2494,Manganbabingtonite
2495,Manganohornesite
2496,Mangangoslarite
2497,Magnesiochloritoid
2498,Magnesiohulsite
2499,Magnesiochlorophoenicite
2500,Magnesiocarpholite
2501,Magnesioferrite
2502,Axinite-(Mn)
2503,Manganosite
2505,Macaulayite
2506,Macdonaldite
2507,Macedonite
2508,Macfallite
2509,Macfarlanite
2510,Machatschkiite
2511,Mackayite
2512,Mackinawite
2513,Macphersonite
2514,Macquartite
2517,Madocite
2518,Magnesio-riebeckite
2519,Manganite
2520,Columbite-(Mn)
2521,Magnesioaubertite
2522,Tantalite-(Mn)
2523,Tapiolite-(Mn)
2524,Magnesio-hornblende
2525,Magnesiotaramite
2526,Manganese-bearing Calcite
2528,Manganostibite
2529,Manganotychite
2530,Magadiite
2531,Magbasite
2532,Maghagendorfite
2533,Maghemite
2537,Magnesio-arfvedsonite
2538,Magnetite
2539,Magnetoplumbite
2540,Magniotriplite
2541,Columbite-(Mg)
2542,Magnolite
2543,Magnussonite
2544,Malhmoodite
2545,Majakite
2546,Majorite
2547,Makarochkinite
2548,Makatite
2549,Makovickyite
2550,Malachite
2551,Malanite
2552,Malayaite
2553,Maldonite
2554,Malladrite
2555,Mallardite
2556,Mammothite
2557,Iron(III)-bearing Ilmenite
2558,Manaksite
2559,Manandonite
2560,Hydrotalcite-2H
2561,Mandarinoite
2562,Manganese-bearing Fluorapatite
2563,Mangan-diaspore
2564,Manganoneptunite
2565,Manganese-bearing Vesuvianite
2566,Manjiroite
2567,Mannardite
2568,Mansfieldite
2569,Mantienneite
2570,Mapimite
2571,Marcasite
2572,Margaritasite
2573,Margarite
2574,Margarosanite
2575,Marialite
2576,Maricite
2577,Maricopaite
2578,Marokite
2579,Marrite
2580,Marshite
2581,Marsturite
2582,Marthozite
2583,Martite
2584,Mascagnite
2585,Maslovite
2586,Masrite
2587,Massicot
2588,Masutomilite
2589,Masuyite
2590,Mathewrogersite
2591,Mathiasite
2592,Matildite
2593,Matlockite
2594,Mátraite
2595,Mattagamite
2596,Matteuccite
2597,Mattheddleite
2598,Matulaite
2599,Maucherite
2600,Maufite
2601,Mauzeliite
2602,Mavinite
2603,Mawbyite
2604,Mawsonite
2605,Maxwellite
2606,Chlormayenite
2607,Mazzite-Mg
2608,Mbobomkulite
2609,Mcallisterite
2610,Mcauslanite
2611,Mcbirneyite
2612,Mcconnellite
2613,Mcgillite
2614,Mcgovernite
2615,Mcguinnessite
2616,Mckelveyite-(Nd)
2617,Mckelveyite-(Y)
2618,Mckelveyite
2619,Mckinstryite
2620,Mcnearite
2621,Metavauxite
2622,Melanovanadite
2623,Melanothallite
2624,Medaite
2625,Medenbachite
2626,Megacyclite
2627,Meionite
2628,Meixnerite
2629,Melanocerite-(Ce)
2630,Melanophlogite
2631,Melanostibite
2632,Melanotekite
2633,Melanterite
2636,Meliphanite
2637,Melkovite
2638,Mellite
2639,Melonite
2640,Melonjosephite
2641,Mendipite
2642,Mendozavilite-NaFe
2643,Mendozite
2644,Meneghinite
2645,Mengxianminite (of Huang et al.)
2646,Mercallite
2647,Mercury
2648,Mereheadite
2649,Mereiterite
2650,Merenskyite
2651,Merlinoite
2652,Merrihueite
2654,Pseudomertieite
2655,Mertieite
2656,Merwinite
2657,Mesolite
2658,Messelite
2659,Meta-aluminite
2660,Meta-alunogen
2661,Meta-ankoleite
2662,Meta-autunite
2663,Metahaiweeite
2664,Metasaleeite
2665,Metauranocircite
2666,Metauranopilite
2667,Metauranospinite
2668,Metaborite
2669,Metacalciouranoite
2670,Metacinnabar
2671,Metadelrioite
2673,Metaheinrichite
2674,Metahewettite
2675,Metahohmannite
2676,Metakahlerite
2677,Metakirchheimerite
2678,Metakottigite
2679,Metalodevite
2680,Metamunirite
2681,Metanovacekite
2682,Metarossite
2683,Metaschoderite
2684,Metaschoepite
2685,Metasideronatrite
2686,Metastibnite
2687,Metastudtite
2688,Metaswitzerite
2689,Metatorbernite
2690,Metatyuyamunite
2691,Metavandendriesscheite
2692,Metavanmeersscheite
2693,Metavanuralite
2694,Metavariscite
2695,Metavivianite
2696,Metavoltine
2697,Metazellerite
2698,Metazeunerite
2699,Meyerhofferite
2700,Meymacite
2701,Mgriite
2702,Miargyrite
2703,Michenerite
2704,Microcline
2705,Microlite Group
2706,Microsommite
2707,Miersite
2708,Miharaite
2709,Mikasaite
2710,Milarite
2711,Millerite
2712,Millisite
2713,Millosevichite
2714,Mimetite
2715,Natroalunite-2c
2716,Minasgeraisite-(Y)
2717,Minasragrite
2718,Mineevite-(Y)
2719,Minehillite
2720,Minguzzite
2721,Minium
2722,Minnesotaite
2723,Minrecordite
2724,Minyulite
2725,Mirabilite
2726,Misenite
2727,Miserite
2728,Mitridatite
2729,Mitscherlichite
2730,Mixite
2732,Makinenite
2733,Molybdomenite
2734,Molybdofornacite
2735,Molybdophyllite
2736,Mocha Stone
2737,Moctezumite
2738,Modderite
2739,Moganite
2740,Mohawkite
2741,Mohite
2742,Mohrite
2743,Moissanite
2744,Moluranite
2745,Molybdenite-3R
2746,Molybdenite
2747,Molybdic Ochre
2748,Molybdite
2749,Molysite
2750,Monazite Group
2751,Monazite-(Ce)
2752,Monazite-(La)
2753,Monazite-(Nd)
2754,Moncheite
2755,Monetite
2756,Mongolite
2757,Monimolite
2758,Monohydrocalcite
2760,Montanite
2761,Montbrayite
2762,Montdorite
2763,Montebrasite
2764,Monteponite
2765,Monteregianite-(Y)
2766,Montesommaite
2767,Montgomeryite
2768,Monticellite
2769,Montroseite
2770,Montroyalite
2771,Montroydite
2772,Mooihoekite
2773,Moolooite
2774,Moonstone
2775,Mooreite
2776,Moorhouseite
2777,Mopungite
2778,Moraesite
2779,Mordenite
2780,Moreauite
2781,Morelandite
2782,Morenosite
2783,Morganite
2784,Morimotoite
2785,Morinite
2787,Mosandrite-(Ce)
2788,Moschelite
2789,Moschellandsbergite
2790,Mosesite
2791,Moss Agate
2792,Mottramite
2793,Motukoreaite
2794,Mounanaite
2795,Mountainite
2796,Mountkeithite
2797,Mourite
2798,Moydite-(Y)
2799,Mozartite
2800,Mpororoite
2801,Mrazekite
2802,Mroseite
2803,Muckeite
2804,Muirite
2805,Mukhinite
2806,Mullite
2807,Mummeite
2808,Mundite
2809,Mundrabillaite
2810,Munirite
2811,Murataite-(Y)
2812,Murdochite
2813,Murmanite
2814,Murunskite
2815,Muscovite
2816,Magnesiotaaffeite-6N3S
2817,Mushistonite
2818,Muskoxite
2819,Muthmannite
2821,Montmorillonite
2822,Nabaphite
2823,Nabokoite
2824,Nacaphite
2825,Nacareniobsite-(Ce)
2826,Nacrite
2827,Nadorite
2828,Nagashimalite
2829,Nagelschmidtite
2830,Nagyagite
2831,Nahcolite
2832,Nahpoite
2833,Nalipoite
2834,Namansilite
2835,Nambulite
2836,Namibite
2837,Namuwite
2838,Nanlingite
2839,Nanpingite
2840,Nantokite
2841,Narsarsukite
2842,Nasinite
2843,Nasledovite
2844,Nasonite
2845,Nastrophite
2846,Natalyite
2847,Natanite
2848,Natisite
2849,Natrite
2850,Natroalunite
2851,Fluorapophyllite-(Na)
2852,Natrobistantite
2853,Natrochalcite
2854,Natrodufrenite
2856,Natrojarosite
2857,Natromontebrasite
2858,Natron
2859,Natronambulite
2860,Natroniobite
2861,Natrophilite
2862,Natrophosphate
2863,Natrosilite
2864,Natrotantite
2865,Naujakasite
2866,Naumannite
2867,Navajoite
2868,Nchwaningite
2869,Nealite
2870,Nefedovite
2871,Neighborite
2872,Nekoite
2873,Nekrasovite
2874,Nelenite
2875,Neltnerite
2876,Nemalite
2877,Nenadkevichite
2879,Neotocite
2880,Nepheline
2882,Nepouite
2883,Neptunite
2884,Nertschinskite
2885,Nesquehonite
2886,Nevskite
2887,Newberyite
2888,Neyite
2889,Nickelhexahydrite
2890,Nickelblodite
2891,Nickelaustinite
2892,Nickelbischofite
2893,Niahite
2894,Nichromite
2895,Nickel
2896,Nickelboussingaultite
2897,Nickelskutterudite
2898,Nickelzippeite
2899,Nickelalumite
2900,Nickenichite
2901,Nickeline
2902,Nifontovite
2903,Ferronigerite-2N1S
2904,Niggliite
2905,Nimite
2906,Ningyoite
2907,Niningerite
2910,Nioboloparite
2911,Niobophyllite
2912,Niobozirconolite
2913,Niocalite
2914,Nisbite
2915,Nissonite
2916,Nitratine
2917,Niter
2918,Nitrobarite
2919,Nitrocalcite
2920,Nitromagnesite
2922,Nolanite
2923,Noelbensonite
2924,Nontronite
2925,Norbergite
2926,Nordenskioldine
2927,Nordite
2928,Nordite-(Ce)
2929,Nordite-(La)
2930,Nordstrandite
2931,Nordstromite
2932,Normandite
2933,Norrishite
2934,Norsethite
2935,Northupite
2936,Nosean
2937,Hydronovacekite
2938,Novakite
2939,Nowackiite
2940,Nsutite
2941,Nuffieldite
2942,Nukundamite
2943,Nullaginite
2944,Nyboite
2945,Nyerereite
2946,Natrokomarovite
2947,Natrolite
2948,Nakauriite
2949,Odanielite
2950,Oakstone
2951,Oborite
2952,Obradovicite-KCu
2954,Ochran
2957,Odinite
2958,Barium-bearing Muscovite
2960,Offretite
2962,Ogdensburgite
2963,Ohmilite
2964,Oil Quartz
2965,Ojuelaite
2966,Okanoganite-(Y)
2967,Okenite
2968,Okhotskite
2969,Oktibbehite
2970,Oldhamite
2971,Olekminskite
2972,Olenite
2973,Olgite
2974,Oligoclase-Albite
2975,Oligoclase-Andesine
2976,Oligoclase
2978,Oligonite
2981,Olivenite
2982,Olivereiraite
2985,Olkhonskite
2986,Olmsteadite
2987,Olsacherite
2988,Olshanskyite
2989,Olympite
2990,Omeiite
2991,Omphacite
2993,Ondrejite
2994,Onegite
2996,Onofrite (of Köhler)
2997,Onoratoite
2998,Ontariolite
2999,Onyx
3000,Limestone Onyx
3001,Oolitic Quartz
3002,Oosterboschite
3003,Opacite
3004,Opal
3005,Opal-Agate
3006,Opal-Jasper
3007,Opaline
3009,Orangite
3011,Oravitzite
3012,Orcelite
3013,Ordite
3014,Ordonezite
3015,Oregonite
3016,Orickite
3017,Orientite
3018,Orlite
3019,Orlymanite
3021,Orpiment
3022,Orschallite
3023,Orthobrannerite
3024,Orthochamosite
3025,Orthochrysotile
3026,Orthoclase
3027,Ericssonite-2O
3029,Orthojoaquinite-(Ce)
3030,Orthopinakiolite
3031,Orthoserpierite
3032,Orthowalpurgite
3033,Osarizawaite
3034,Osarsite
3035,Osbornite
3036,Oösite
3037,Osmium
3038,Osumilite-(Mg)
3039,Osumilite
3040,Otavite
3041,Otjisumeite
3042,Ottemannite
3043,Ottrelite
3044,Otwayite
3045,Oulankaite
3046,Ourayite
3047,Oursinite
3048,Overite
3049,Owyheeite
3050,Oxammite
3051,Oxy-petscheckite
3053,Oyelite
3054,Orebroite
3055,Oboyerite
3057,Pabstite
3058,Pachnolite
3059,Paderaite
3060,Padmaite
3062,Pahasapaite
3063,Painite
3064,Palarstanide
3065,Palenzonaite
3066,Palermoite
3067,Palladium
3068,Palladoarsenide
3069,Palladobismutharsenide
3070,Palladseite
3071,Palmierite
3072,Palygorskite
3073,Panasqueiraite
3074,Panethite
3075,Panunzite
3076,Paolovite
3077,Papagoite
3078,Para-alumohydrocalcite
3080,Parabrandtite
3081,Parabutlerite
3082,Paracelsian
3083,Parachrysotile
3084,Paracoquimbite
3085,Paracostibite
3086,Paradamite
3087,Paradocrasite
3089,Parafransoletite
3090,Paragonite
3091,Paraguanajuatite
3092,Parahopeite
3093,Parajamesonite
3094,Parakeldyshite
3095,Khinite-3T
3096,Paralaurionite
3097,Paralstonite
3098,Paramelaconite
3099,Paramendozavilite
3100,Paramontroseite
3101,Paranatisite
3102,Paranatrolite
3104,Paraotwayite
3105,Parapierrotite
3106,Pararammelsbergite
3107,Pararealgar
3108,Pararobertsite
3109,Paraschachnerite
3110,Paraschoepite
3111,Parascholzite
3114,Parasymplesite
3115,Paratacamite
3116,Paratellurite
3117,Paraumbite
3118,Paravauxite
3119,Pargasite
3120,Parisite-(Ce)
3121,Parisite-(Nd)
3122,Parkerite
3123,Parkinsonite
3124,Parnauite
3125,Parsettensite
3126,Parsonsite
3127,Partheite
3128,Cuproroméite
3129,Parwelite
3130,Pascoite
3131,Patronite
3133,Paulkellerite
3134,Paulkerrite
3135,Paulmooreite
3136,Pavonite
3137,Paxite
3138,Pearceite
3139,Pecoraite
3140,Pectolite-M2abc
3141,Pectolite
3142,Ferrotaaffeite-6N3S
3143,Peisleyite
3144,Pekoite
3145,Pellyite
3146,Penfieldite
3148,Penikisite
3149,Penkvilksite
3150,Pennantite
3151,Penroseite
3152,Pentagonite
3153,Pentahydrite
3154,Pentahydroborite
3155,Pentlandite
3156,Penzhinite
3157,Peprossiite-(Ce)
3158,Percylite
3159,Peretaite
3160,Perhamite
3161,Periclase
3162,Perite
3163,Perlialite
3164,Perloffite
3165,Permingeatite
3166,Perovskite
3167,Perraultite
3168,Perrierite-(Ce)
3169,Perroudite
3170,Perryite
3171,Petalite
3172,Petarasite
3173,Petedunnite
3174,Petersenite-(Ce)
3175,Petersite-(Y)
3176,Petrovicite
3177,Petrovskaite
3178,Petrukite
3179,Petscheckite
3180,Petzite
3181,Phosphophyllite
3182,Phosphuranylite
3183,Phosphorrosslerite
3184,Pharmacolite
3185,Pharmacosiderite
3186,Phaunouxite
3187,Phosphosiderite
3188,Phenakite
3189,Phengite
3190,Philipsbornite
3191,Philipsburgite
3192,Phillipsite Subgroup
3193,Phlogopite
3194,Phoenicochroite
3195,Phosgenite
3197,Phosphammite
3198,UM1994-19-PO:CuHMoPb
3199,Phosphoferrite
3200,Phosphofibrite
3201,Phuralumite
3202,Phurcalite
3203,Phyllotungstite
3204,Pickeringite
3205,Picotpaulite
3206,Picromerite
3207,Picropharmacolite
3208,Piemontite
3209,Pierrotite
3210,Pigeonite
3211,Pigotite
3212,Pilolite
3213,Pilsenite
3214,Pinakiolite
3215,Pinalite
3216,Pinchite
3217,Pinnoite
3218,Pintadoite
3219,Pirquitasite
3220,Pirssonite
3222,Pitchblende
3223,Pitiglianoite
3224,Pitticite
3225,Piypite
3226,Paakkonenite
3227,Plumbotellurite
3228,Plumbopyrochlore (of Skorobogatova et al.)
3229,Plumbonacrite
3230,Plumbotsumite
3232,Plagionite
3233,Plancheite
3234,Planerite
3235,Platarsite
3236,Platinum
3237,Plattnerite
3238,Platynite
3239,Playfairite
3240,Plumbopalladinite
3241,Plumbomicrolite (of Hogarth 1977)
3242,Plombierite
3243,Plumalsite
3244,Plumbic Ochre
3245,Plumbobetafite (of Hogarth 1977)
3246,Plumboferrite
3247,Plumbogummite
3248,Plumbojarosite
3249,Poitevinite
3250,Pokrovskite
3251,Polarite
3252,Poldervaartite
3253,Polhemusite
3254,Polkovicite
3255,Pollucite
3256,Polybasite
3258,Polydymite
3259,Polyhalite
3260,Polylithionite
3262,Polyphite
3263,Ponomarevite
3264,Portlandite
3265,Posnjakite
3266,Potarite
3267,Alum-(K)
3269,Potosíite
3270,Pottsite
3271,Poubaite
3272,Poudretteite
3273,Poughite
3274,Povondraite
3275,Powellite
3276,Poyarkovite
3277,Prehnite
3278,Preisingerite
3279,Preiswerkite
3280,Preobrazhenskite
3281,Priceite
3282,Priderite
3283,Pringleite
3284,Prixite
3285,Probertite
3286,Proidonite
3287,Prosopite
3288,Prosperite
3289,Protasite
3292,Protopartzite
3293,Proudite
3294,Proustite
3295,Przhevalskite
3296,Pseudorutile
3297,Pseudolaueite
3298,Pseudograndreefite
3299,Pseudomalachite
3300,Pseudo-autunite
3301,Pseudoboleite
3302,Pseudobrookite
3303,Pseudocotunnite
3304,Psilomelane
3305,Pumpellyite Subgroup
3306,Pucherite
3307,Pumpellyite-(Fe2+)
3308,Pumpellyite-(Fe3+)
3309,Pumpellyite-(Mg)
3310,Pumpellyite-(Mn2+)
3311,Purpurite
3312,Putoranite
3313,Pyrargyrite
3314,Pyrite
3315,Pyrobelonite
3316,Pyrochlore Group
3317,Pyrochroite
3318,Pyrolusite
3320,Pyromorphite
3321,Pyrope
3322,Pyrophanite
3323,Pyrophyllite
3325,Pyrostilpnite
3326,Pyroxferroite
3327,Pyroxmangite
3328,Pyrrhotite
3329,Petitjeanite
3330,Pyroaurite
3331,Qandilite
3332,Qilianshanite
3333,Qingheiite
3334,Qitianlingite
3335,Quadridavyne
3336,Quadruphite
3337,Quartz
3338,Quartzine
3339,Queitite
3340,Quenselite
3341,Quenstedtite
3342,Quercyite
3343,Quetzalcoatlite
3345,Quiroguite
3347,Rabbittite
3348,Rabejacite
3349,Radhakrishnaite
3350,Radtkeite
3351,Raguinite
3352,Raite
3353,Rajite
3354,Hydrokenoralstonite
3355,Ramdohrite
3356,Rameauite
3357,Rammelsbergite
3358,Ramsbeckite
3359,Ramsdellite
3360,Rancieite
3361,Rankachite
3362,Rankamaite
3363,Rankinite
3364,Ransomite
3365,Ranunculite
3366,Rapidcreekite
3367,Rashleighite
3368,Raspite
3369,Rasvumite
3370,Rathite
3371,Rauenthalite
3372,Rauvite
3373,Ravatite
3374,Rayite
3375,Realgar
3376,Rebulite
3377,Rectorite
3378,Reddingite
3379,Redingtonite
3380,Redledgeite
3381,Reederite-(Y)
3382,Reedmergnerite
3383,Reevesite
3384,Refikite
3385,Reichenbachite
3386,Reinerite
3387,Reinhardbraunsite
3388,Remondite-(Ce)
3389,Renierite
3390,Reppiaite
3392,Retzian-(Ce)
3393,Retzian-(La)
3394,Retzian-(Nd)
3395,Revdite
3396,Reyerite
3397,Rhabdophane-(Ce)
3398,Rhabdophane-(La)
3399,Rhabdophane-(Nd)
3400,Rhabdophane
3401,Native Rhenium
3402,Rhonite
3403,Rhodesite
3404,Rhodium
3405,Rhodizite
3406,Rhodochrosite
3407,Rhodonite
3408,Rhodostannite
3409,Rhodplumsite
3410,Rhomboclase
3411,Ribbeite
3412,Ribeirite
3413,Richellite
3414,Richelsdorfite
3415,Richetite
3416,Richterite
3417,Rickardite
3418,Riebeckite
3419,Rilandite
3420,Rimkorolgite
3421,Ringwoodite
3422,Rinkite-(Ce)
3423,Rinneite
3424,Ripidolite
3425,Rittmannite
3426,Rivadavite
3427,Riversideite
3428,Romerite
3429,Rontgenite-(Ce)
3430,Roaldite
3431,Robertsite
3432,Robinsonite
3433,Rockbridgeite
3435,Rodalquilarite
3436,Roeblingite
3437,Roedderite
3438,Roggianite
3439,Rohaite
3440,Rokuhnite
3441,Romanechite
3442,Romarchite
3443,Roméite Group
3444,Rooseveltite
3445,Roquesite
3446,Rorisite
3447,Rosasite
3448,Roscherite
3449,Roscoelite
3450,Roselite
3451,Anorthoroselite
3452,Rosemaryite
3453,Rosenbergite
3454,Rosenbuschite
3455,Rosenhahnite
3456,Rose Quartz
3457,Roshchinite
3458,Rosickyite
3459,Rosieresite
3460,Rossite
3461,Rostite
3462,Roubaultite
3463,Rouseite
3464,Routhierite
3465,Rouvilleite
3466,Roweite
3467,Rowlandite-(Y)
3468,Roxbyite
3469,Rozenite
3470,Rosslerite
3471,Ruarsite
3472,Rubellite
3473,Ruby
3474,Rucklidgeite
3475,Ruitenbergite
3476,Ruizite
3477,Rusakovite
3478,Russellite
3479,Rustenburgite
3480,Rustumite
3481,Ruthenarsenite
3482,Rutheniridosmine
3483,Ruthenium
3484,Rutherfordine
3485,Rutilated Quartz
3486,Rutile
3487,Rutilohematite
3488,Rynersonite
3489,Retgersite
3490,Saamite (of Volkova & Melentiev)
3492,Sabatierite
3493,Sabelliite
3494,Sabieite
3495,Sabinaite
3496,Sabugalite
3497,Saccharite
3498,Sacrofanite
3499,Sadanagaite
3500,Safflorite
3501,Sahamalite-(Ce)
3502,Sahlinite
3503,Sainfeldite
3504,Sakhaite
3505,Sakharovaite
3506,Sakuraiite
3507,Salammoniac
3508,Saleeite
3509,Salesite
3510,Saliotite
3511,Iron-bearing Boothite
3512,Samarskite-(Y)
3513,Samfowlerite
3514,Samiresite
3515,Sampleite
3516,Samsonite
3517,Samuelsonite
3518,Sanbornite
3519,Sanderite
3520,Saneroite
3521,Sanidine
3522,Sanjuanite
3523,Sanmartinite
3524,Santaclaraite
3525,Santafeite
3526,Santanaite
3527,Santite
3528,Saponite
3529,Sapphire
3531,Sapphirine
3532,Sarabauite
3533,Sarcolite
3534,Sarcopside
3535,Sarkinite
3536,Sarmientite
3537,Sartorite
3538,Saryarkite-(Y)
3539,Sasaite
3540,Sassolite
3541,Satimolite
3542,Satpaevite
3543,Satterlyite
3544,Sauconite
3545,Sayrite
3546,Sazhinite-(Ce)
3547,Sazykinaite-(Y)
3548,Sborgite
3549,Scacchite
3551,Scarbroite
3552,Scawtite
3553,Schachnerite
3554,Schafarzikite
3555,Schairerite
3557,Schallerite
3558,Schapbachite
3559,Schaurteite
3560,Scheelite
3561,Schefferite
3563,Schernikite
3564,Schertelite
3565,Scheteligite
3566,Schieffelinite
3567,Schirmerite
3568,Schlossmacherite
3569,Schmiederite
3570,Schmitterite
3571,Schneiderhohnite
3572,Schoderite
3573,Schoenfliesite
3574,Schoepite
3575,Schoharite
3576,Scholzite
3577,Schoonerite
3578,Schorl
3579,Schorlomite
3580,Schraufite
3581,Schreibersite (of Shephard)
3582,Schreibersite
3583,Schreyerite
3584,Schrockingerite
3585,Schrötterite
3586,Schubnelite
3587,Schuetteite
3588,Schuilingite-(Nd)
3589,Schulenbergite
3590,Schultenite
3591,Schumacherite
3592,Schwartzembergite
3593,Sclarite
3594,Scolecite
3595,Scorodite
3596,Scorzalite
3597,Scotlandite
3598,Scrutinyite
3599,Seamanite
3600,Searlesite
3601,Sederholmite
3602,Sedovite
3603,Seeligerite
3604,Seelite
3605,Segelerite
3606,Segnitite
3607,Seidozerite
3608,Seinajokite
3609,Sekaninaite
3610,Selbite
3611,Selenium
3612,Selenostephanite
3613,Seligmannite
3614,Sellaite
3615,Semenovite-(Ce)
3616,Semseyite
3617,Senaite
3618,Senarmontite
3619,Senegalite
3620,Sengierite
3621,Sepiolite
3622,Serandite
3623,Serendibite
3624,Sergeevite
3625,Serpierite
3626,Shabaite-(Nd)
3627,Shabynite
3628,Shadlunite
3629,Shafranovskite
3630,Shakhovite
3631,Shandite
3632,Shannonite
3633,Sharpite
3634,Shattuckite
3635,Shcherbakovite
3636,Shcherbinaite
3637,Sherwoodite
3638,Shigaite
3639,Shomiokite-(Y)
3640,Shortite
3641,Shubnikovite
3642,Shuiskite-(Mg)
3643,Siderotil
3644,Sibirskite
3645,Sicklerite
3646,Siderazot
3647,Siderite
3649,Siderogel
3650,Sideronatrite
3651,Siderophyllite
3652,Sideroplesite
3653,Sidorenkite
3654,Sidwillite
3655,Siegenite
3656,Sieleckiite
3657,Sigloite
3658,Silhydrite
3659,Silicon
3660,Silicorhabdophane
3661,Silinaite
3662,Sillimanite
3663,Sillenite
3664,Silver
3665,Simferite
3666,Simonellite
3667,Simonite
3668,Simonkolleite
3669,Simplotite
3670,Simpsonite
3671,Sincosite
3672,Sinhalite
3673,Sinjarite
3674,Sinkankasite
3675,Sinnerite
3676,Sinoite
3677,Sitinakite
3678,Pyroaurite-2H
3679,Skinnerite
3680,Skippenite
3681,Sklodowskite
3682,Skutterudite
3683,Slavikite
3684,Slawsonite
3686,Smirnite
3687,Smithite
3688,Smithsonite
3689,Smoky Quartz
3691,Smythite
3692,Natroboltwoodite
3693,Natrouranospinite
3694,Natrozippeite
3695,Natropharmacosiderite
3699,Sobolevite
3700,Sobolevskite
3701,Sodalite
3702,Soddyite
3703,Alum-(Na)
3705,Metanatroautunite
3706,Betpakdalite-NaCa
3708,Sogdianite
3709,Sohngeite
3710,Solongoite
3711,Sonolite
3712,Sonoraite
3713,Sopcheite
3714,Sofiite
3715,Sorbyite
3716,Sorensenite
3717,Sosedkoite
3718,Soucekite
3719,Souzalite
3720,Spadaite
3721,Spangolite
3722,Spencerite
3723,Sperrylite
3724,Spertiniite
3725,Spessartine
3726,Spherocobaltite
3727,Sphalerite
3728,Spheniscidite
3729,Spinel
3730,Spionkopite
3731,Spiroffite
3732,Spodiosite
3733,Spodumene
3734,Spurrite
3735,Squawcreekite
3736,Srebrodolskite
3737,Srilankite
3738,Stibiomicrolite (of Groat et al.)
3739,Stibiotantalite
3740,Strontiojoaquinite
3741,Strontioginorite
3742,Strontiowhitlockite
3743,Strontiopyrochlore (of Hogarth 1977)
3744,Stalderite
3745,Stanfieldite
3746,Stanleyite
3747,Stannite
3748,Stannoidite
3749,Stannomicrolite (of Hogarth 1977)
3750,Stannopalladinite
3751,Staringite
3752,Starkeyite
3753,Staurolite
3754,Steacyite
3755,Steatite
3756,Steenstrupine-(Ce)
3757,Fluorstrophite
3758,Stibiopalladinite
3759,Steigerite
3760,Stellerite
3761,Stenhuggarite
3762,Stenonite
3763,Stepanovite
3764,Stephanite
3765,Stercorite
3766,Sterlinghillite
3767,Sternbergite
3768,Sterryite
3769,Stetefeldtite
3770,Stevensite
3771,Stewartite (of Sutton)
3772,Stewartite
3773,Piemontite-(Sr)
3774,Strontiodresserite
3775,Stibarsen
3776,Stibiconite
3777,Stibiobetafite (of Černý et al.)
3778,Stibiocolumbite
3779,Stibiocolusite
3781,Stibivanite
3782,Stibnite
3784,Stichtite
3785,Stilbite Subgroup
3786,Stilleite
3787,Stillwaterite
3788,Stillwellite-(Ce)
3789,Stilpnomelane
3790,Stishovite
3791,Stistaite
3792,Stoiberite
3793,Stokesite
3794,Stolzite
3795,Stottite
3796,Straczekite
3797,Strakhovite
3798,Stranskiite
3799,Strashimirite
3800,Strelkinite
3801,Strengite
3802,Stringhamite
3803,Stromeyerite
3804,Stronalsite
3805,Strontianite
3806,Strontio-orthojoaquinite
3807,Strontioborite
3808,Strontiochevkinite
3809,Stratlingite
3810,Strunzite
3811,Struvite
3812,Strüverite
3813,Stutzite
3814,Studenitsite
3815,Studtite
3816,Stumpflite
3817,Sturmanite
3818,Suanite
3819,Sudburyite
3820,Sudoite
3821,Suessite
3822,Sugilite
3823,Sulfoborite
3824,Sulphohalite
3825,Sulphotsumoite
3826,Sulphur
3827,Sulvanite
3828,Sundiusite
3829,Suolunite
3830,Surinamite
3831,Surite
3832,Sursassite
3833,Susannite
3834,Sussexite
3835,Suzukiite
3836,Svabite
3837,Svanbergite
3838,Sveite
3839,Sverigeite
3840,Svyatoslavite
3841,Svyazhinite
3842,Swaknoite
3843,Swamboite-(Nd)
3844,Swartzite
3845,Swedenborgite
3846,Sweetite
3847,Swinefordite
3848,Switzerite
3849,Sylvanite
3850,Sylvite
3851,Symplesite
3852,Synadelphite
3853,Synchysite-(Ce)
3854,Synchysite-(Nd)
3855,Synchysite-(Y)
3856,Syngenite
3857,Szaibelyite
3858,Szmikite
3859,Szomolnokite
3860,Szymanskiite
3861,Schollhornite
3862,Szenicsite
3863,Magnesiotaaffeite-2N2S
3864,Tacharanite
3865,Tachyhydrite
3866,Tadzhikite-(Ce)
3868,Taenite
3869,Taikanite
3870,Taimyrite
3871,Takanelite
3872,Takedaite
3873,Takeuchiite
3874,Takovite
3875,Talc
3876,Talmessite
3877,Talnakhite
3878,Tamarugite
3879,Tancoite
3880,Taneyamalite
3881,Tantalaeschynite-(Y)
3882,Tantalite
3883,Tanteuxenite-(Y)
3884,Tantite
3885,Tanzanite
3886,Tapalpite
3887,Tapiolite
3888,Taramellite
3889,Taramite Root Name Group
3890,Taranakite
3891,Tarapacaite
3892,Tarbuttite
3893,Lead-bearing Aragonite
3894,Tatarskite
3895,Tausonite
3896,Tavorite
3897,Tazheranite
3898,Tellurohauchecornite
3899,Telluropalladinite
3900,Teallite
3901,Teepleite
3902,Teineite
3903,Telargpalite
3904,Tellurantimony
3905,Tellurite
3906,Tellurium
3907,Tellurobismuthite
3908,Temagamite
3909,Tengchongite
3910,Tengerite-(Y)
3911,Tennantite Subgroup
3912,Tenorite
3913,Tephroite
3914,Terlinguaite
3915,Terskite
3916,Tertschite
3917,Teruggite
3918,Teschemacherite
3919,Testibiopalladite
3920,Tetra-auricupride
3921,Tetradymite
3922,Tetraferriphlogopite
3923,Tetraferroplatinum
3924,Tetrahedrite Subgroup
3925,Tetranatrolite
3926,Tetrarooseveltite
3927,Tetrataenite
3928,Tetrawickmanite
3929,Thadeuite
3930,Thalcusite
3931,Thalenite-(Y)
3932,Thalfenisite
3933,Thaumasite
3934,Theisite
3935,Thenardite
3936,Theophrastite
3938,Thermonatrite
3939,Thometzekite
3940,Thomsenolite
3941,Thomsonite-Ca
3942,Thorbastnasite
3943,Thoreaulite
3944,Thorianite
3945,Thorikosite
3946,Thorite
3947,Thornasite
3948,Thorogummite
3949,Thorosteenstrupine
3950,Thortveitite
3951,Thorutite
3952,Threadgoldite
3953,Thrombolite (of Breithaupt)
3954,Thucholite
3955,Thulite
3956,Thuringite
3957,Tiemannite
3958,Tienshanite
3959,Tiettaite
3960,Tiger's Eye
3961,Tikhonenkovite
3962,Tilasite
3963,Tile ore
3964,Tilleyite
3965,Tin
3966,Tinaksite
3967,Tincalconite
3969,Tinsleyite
3970,Tinticite
3971,Tintinaite
3972,Tinzenite
3973,Tiptopite
3974,Tiragalloite
3975,Tirodite
3976,Tisinalite
3977,Titanite
3978,Titanium-bearing Magnetite
3979,Titanowodginite
3980,Titantaramellite
3981,Tivanite
3982,Tlalocite
3983,Tlapallite
3984,Tobelite
3985,Tobermorite
3986,Tochilinite
3987,Tocornalite
3988,Todorokite
3989,Tokkoite
3990,Tolbachite
3991,Tolovkite
3992,Tombarthite-(Y)
3993,Tomichite
3994,Tongbaite
3995,Tooeleite
3996,Topaz
3997,Torbernite
3998,Tornebohmite-(Ce)
3999,Tornebohmite-(La)
4000,Torreyite
4001,Tosudite
4002,Tounkite
4003,Tourmaline
4004,Toyohaite
4005,Trabzonite
4006,Tranquillityite
4007,Traskite
4008,Treasurite
4009,Trechmannite
4010,Trembathite
4011,Tremolite
4012,Trevorite
4013,Trogerite
4014,Triangulite
4015,Tridymite
4016,Trigonite
4017,Trikalsilite
4018,Trimerite
4019,Trimounsite-(Y)
4020,Triphylite
4021,Triplite
4022,Triploidite
4023,Trippkeite
4024,Tripuhyite
4025,Tristramite
4026,Tritomite-(Ce)
4027,Tritomite-(Y)
4028,Trogtalite
4029,Troilite
4030,Trolleite
4031,Trona
4032,Trustedtite
4033,Truscottite
4034,Tsaregorodtsevite
4035,Tschermakite
4036,Tschermigite
4037,Tschernichite
4038,Tsnigriite
4039,Tsumcorite
4040,Tsumebite
4041,Tsumoite
4042,Tucekite
4043,Tugarinovite
4044,Tugtupite
4045,Tuhualite
4046,Tulameenite
4047,Tuliokite
4048,Tundrite-(Ce)
4049,Tundrite-(Nd)
4050,Tunellite
4051,Tungstenite
4052,Tungstibite
4053,Tungstic Ochre
4054,Tungstite
4055,Tungusite
4056,Tunisite
4057,Tuperssuatsiaite
4058,Turanite
4059,Turneaureite
4060,Turquoise
4061,Tuscanite
4062,Tusionite
4063,Tuzlaite
4064,Tvalchrelidzeite
4065,Tvedalite
4066,Tveitite-(Y)
4067,Twinnite
4068,Tychite
4069,Tyretskite
4070,Tyrolite
4071,Tyrrellite
4072,Tyuyamunite
4073,Tangeite
4074,U-Galena
4075,Uchucchacuaite
4076,Uddevallite
4077,Udokanite
4078,Uduminelite
4079,Ugrandite
4080,Uhligite
4082,Uigite
4084,Uklonskovite
4085,Ulexite
4086,Ullmannite
4087,Ulmite
4088,Ulrichite
4089,Ulvospinel
4090,Umangite
4091,Umbite
4092,Umbozerite
4093,Umohoite
4094,Mangano-mangani-ungarettiite
4095,Ungemachite
4096,Upalite
4097,Uralborite
4098,Uralite
4099,Uralolite
4100,Uramphite
4101,Urancalcarite
4102,Uraninite
4103,Uranmicrolite (of Hogarth 1977)
4105,Uranocircite
4106,Parauranophane
4107,Uranophane
4108,Uranopilite
4109,Uranopolycrase
4110,Uranosilite
4111,Uranospathite
4112,Uranosphaerite
4113,Uranospinite
4114,Uranothorianite
4115,Uranotungstite
4116,Uranpyrochlore (of Hogarth 1977)
4117,Urea
4118,Uricite
4119,Ursilite
4120,Urvantsevite
4121,Usovite
4122,Ussingite
4123,Ustarasite
4124,Uvanite
4125,Uvarovite
4126,Fluor-uvite-Uvite Series
4127,Uytenbogaardtite
4128,Uzonite
4129,Ushkovite
4130,Vanadiorutile
4131,Vaalite
4133,Vaesite
4134,Valencianite
4135,Valentinite
4136,Valleriite
4137,Valuevite
4138,Vanadinbronzite
4139,Vanadinite
4140,Vanadio-laumontite
4141,Vanadiolite
4142,Vanadium-bearing Aegirine
4143,Vanalite
4144,Vandenbrandeite
4145,Vandendriesscheite
4146,Vandiestite
4147,Vanmeersscheite
4148,Vanodiochrome spinel
4149,Vanoxite
4150,Vantasselite
4151,Vanthoffite
4152,Vanuralite
4153,Vanuranylite
4154,Vanuxemite
4155,Varennesite
4156,Variscite
4157,Varlamoffite
4158,Varulite
4159,Vashegyite
4160,Vasilite
4161,Vaterite
4162,Vaughanite
4163,Vauquelinite
4164,Vauxite
4165,Veatchite-A
4166,Veatchite
4167,Veenite
4168,Velikite
4169,Verdelite
4170,Vermiculite
4171,Vernadite
4172,Verplanckite
4173,Versiliaite
4174,Vertumnite
4175,Vesignieite
4176,Veszelyite
4177,Vigezzite
4178,Viitaniemiite
4179,Vikingite
4180,Villamaninite
4181,Villiaumite
4182,Villyaellenite
4183,Vimsite
4184,Vincentite
4185,Vinciennite
4186,Vinogradovite
4187,Violarite
4188,Virgilite
4189,Viséite
4190,Vishnevite
4191,Vismirnovite
4192,Vistepite
4193,Vitusite-(Ce)
4194,Vivianite
4195,Vladimirite
4196,Vlasovite
4197,Vochtenite
4198,Voggite
4199,Voglite
4200,Volborthite
4201,Volkonskoite
4202,Volkovskite
4203,Voltaite
4204,Voltzite
4205,Volynskite
4206,Vonbezingite
4207,Vonsenite
4208,Vorobyevite
4209,Vosgite
4210,Vozhminite
4211,Vrbaite
4212,Vuagnatite
4213,Vulcanite
4214,Vulpinite
4216,Vuonnemite
4217,Vuorelainenite
4218,Vyacheslavite
4219,Vyalsovite
4220,Vayrynenite
4221,Vysotskite
4222,Vyuntspakhkite-(Y)
4223,Vesuvianite
4224,Wackenrodite
4225,Wad
4226,Wadalite
4227,Wadeite
4228,Wadsleyite
4229,Wagnerite
4230,Wairakite
4231,Wairauite
4232,Wakabayashilite
4233,Wakefieldite-(Ce)
4234,Wakefieldite-(Y)
4235,Walentaite
4236,Wallisite
4237,Wallkilldellite
4238,Walpurgite
4239,Walstromite
4240,Walthierite
4241,Wapplerite
4242,Wardite
4243,Wardsmithite
4244,Warikahnite
4245,Warwickite
4246,Watanabeite
4247,Watkinsonite
4248,Wattersite
4249,Wattevilleite
4250,Wavellite
4251,Wawayandaite
4252,Waylandite
4253,Weberite
4254,Weddellite
4255,Weeksite
4256,Wegscheiderite
4257,Weibullite
4258,Weilerite
4259,Weilite
4260,Weinebeneite
4261,Weishanite
4262,Weissbergite
4263,Weissite
4264,Welinite
4265,Wellsite
4266,Weloganite
4267,Welshite
4268,Wendwilsonite
4269,Wenkite
4270,Werdingite
4271,Wermlandite
4272,Wernerite
4273,Westerveldite
4274,Wheatleyite
4275,Wherryite
4276,Whewellite
4277,Whiteite-(CaFeMg)
4278,Whiteite-(CaMnMg)
4279,Whiteite-(MnFeMg)
4280,Whitlockite
4281,Whitmoreite
4282,Wickenburgite
4283,Wickmanite
4284,Wicksite
4285,Widenmannite
4286,Widgiemoolthalite
4287,Wightmanite
4288,Wilcoxite
4289,Wilhelmvierlingite
4290,Wilkinsonite
4291,Wilkmanite
4292,Willemite
4293,Willemseite
4294,Willhendersonite
4295,Willyamite
4296,Winchite
4297,Winstanleyite
4298,Wiserite
4299,Witherite
4300,Wittichenite
4301,Wittite
4302,Wodginite
4303,Wohlerite
4304,Wolfeite
4306,Wollastonite-2M
4308,Wolsendorfite
4309,Wonesite
4310,Wood Copper
4311,Woodhouseite
4312,Woodruffite
4313,Wood Tin
4314,Woodwardite
4315,Wroewolfeite
4316,Wustite
4317,Wulfingite
4318,Wurtzite
4319,Wyartite
4320,Wycheproofite
4321,Wyllieite
4322,Wulfenite
4323,Wollastonite
4325,Xanthoxenite (of Laubmann and Steinmetz)
4326,Xanthite
4327,Xanthiosite
4328,Xanthoarsenite
4330,Xanthoconite
4331,Xantholite
4332,Xenolite
4333,Xenotime-(Y)
4334,Xiangjiangite
4335,Xifengite
4336,Xilingolite
4337,Ximengite
4338,Xingshaoite
4339,Xingzhongite
4340,Xiphonite
4341,Xitieshanite
4342,Xocomecatlite
4343,Xonotlite
4344,Xylochlore
4345,Hartine
4346,Xylotile
4347,Xanthoxenite
4349,Yafsoanite
4350,Yagiite
4351,Yakhontovite
4352,Yanomamite
4353,Yaroslavite
4354,Yarrowite
4355,Yavapaiite
4356,Yeelimite
4357,Yeatmanite
4358,Yecoraite
4359,Yedlinite
4360,Yftisite-(Y)
4361,Yimengite
4362,Yingjiangite
4363,Yoderite
4364,Yofortierite
4365,Yoshimuraite
4366,Yoshiokaite
4367,Yttrialite-(Y)
4368,Yttrobetafite (of Hogarth 1977)
4369,Yttrocolumbite-(Y)
4370,Yttrocrasite-(Y)
4371,Yttrofluorite
4372,Yttropyrochlore (of Hogarth 1977)
4373,Yttrotantalite-(Y)
4374,Yttrotungstite-(Y)
4375,Yuanfuliite
4376,Yugawaralite
4377,Yukonite
4378,Yuksporite
4379,Yushkinite
4380,Zabuyelite
4381,Zaherite
4382,Zairite
4383,Zakharovite
4384,Zamboninite (of Starraba)
4385,Zanazziite
4386,Zapatalite
4388,Zaratite
4389,Zavaritskite
4390,Zektzerite
4391,Zellerite
4392,Zemannite
4393,Zemkorite
4394,Zenzenite
4395,Zeolite Group
4396,Zeophyllite
4397,Zeunerite
4398,Zhanghengite
4399,Zharchikhite
4400,Zhemchuzhnikovite
4401,Zhonghuacerite-(Ce)
4402,Ziesite
4403,Zimbabweite
4405,Zinc
4406,Zincmelanterite
4407,Zinc-bearing Olivenite
4408,Zinczippeite
4409,Zincaluminite
4410,Zincite
4411,Zincobotryogen
4412,Zincochromite
4413,Zincocopiapite
4414,Zincrosasite
4415,Zincroselite
4416,Zincsilite
4417,Zinkenite
4418,Zinkosite
4419,Zinnwaldite
4420,Zippeite
4421,Zircon
4422,Zirconolite
4423,Zircophyllite
4424,Zircosulfate
4425,Zirkelite
4426,Zirklerite
4427,Zirsinalite
4428,Znucalite
4429,Zodacite
4430,Zoisite
4431,Zorite
4432,Zoubekite
4433,Zunyite
4434,Zussmanite
4435,Zvyagintsevite
4436,Zwieselite
4437,Zykaite
4438,Zincovoltaite
4491,Cymatolite
4518,Pericline
4520,Peristerite
4523,Zygadite
4595,Xanthitane
4681,Cuproauride
4714,Caldasite
4716,Katayamalite
4809,Pseudocubic Quartz
4837,Plumosite
4860,Braunite-II
4900,Iceland Spar
4918,Cerite
4983,Paraluminite
4996,Masonite
5033,Schuchardtite
5119,Iolite
5125,Cerasite (of Kikuchi)
5135,Adamantine Spar
5161,β-Cristobalite
5162,Lussatite
5218,Gymnite
5219,Renardite
5222,Destinezite
5255,Taraspite
5266,Rathite-I
5267,Duftite-alpha
5287,Emilite
5293,Bronzite
5312,Bucklandite (of Hermann)
5320,Pistacite
5385,Barkevikite
5417,Verdite
5435,Bidalotite
5485,Bismuth-bearing Gold
5499,Melnikovite
5527,Selenite
5574,Specularite
5576,Kidney Ore
5579,Red Ochre
5593,Daviesite
5613,Heterogenite-3R
5621,Heterogenite-2H
5627,Beaumontite (of Lévy)
5629,Hiortdahlite II
5638,Lancasterite
5674,Ruthenosmiridium
5675,Osmiridium
5677,Platiniridium
5688,Pilite
5725,Blue Opal
5745,Jentschite
5760,Bastite
5805,Lodestone
5877,Moissanite-6H
5880,Moissanite-15R
5890,Lovchorrite
5899,Soda
5961,Chrysopal
5981,Common Opal
5984,Opalite
5990,Iridosmine
5992,Rutheniridium
6007,Perrierite
6013,Petersite
6046,Manganepidote
6057,Polyxene
6101,Polianite
6126,Misy
6128,Rock Crystal
6129,Milky Quartz
6169,Edisonite
6174,Leucoxene
6241,Pelosiderite
6252,Fibrolite
6294,Marmatite
6407,Binnite (of Des Cloizeaux)
6544,Rosterite
6545,Caesium Beryl
6555,Manganomelane
6577,Merrillite
6613,Xenotime
6649,Hyacinth
6657,Zirconolite-3O
6658,Zirconolite-3T
6659,Zirconolite-2M
6662,Epidote Supergroup
6666,Precious Opal
6683,Perthite
6684,Pleonaste
6685,Plumbago
6689,Plumbeine
6703,Prase
6710,Prasolite
6711,Prase Opal
6713,Rhodic Nevyanskite
6716,Rhodic Platinum
6717,Rhodite
6719,Rhodolite
6724,Sphaerodialogite
6725,Fire Opal
6726,Troostite
6727,Heliodor
6728,Mica Group
6739,Campylite
6741,Calyptolite
6742,Sphärosiderite
6751,Haytorite
6784,Justite (of Hofmann-Degen)
6792,Gigantolite
6794,Akimotoite
6795,Aluminoceladonite
6798,Taramite
6799,Alumoklyuchevskite
6800,Ancylite-(La)
6801,Manganiandrosite-(La)
6802,Andyrobertsite
6804,Antitaenite
6805,Arakiite
6806,Arnhemite
6807,Arsenbrackebuschite
6808,Arsenowaylandite
6810,Auroantimonate
6811,Averievite
6812,Babkinite
6814,Baksanite
6815,Bamfordite
6816,Bariosincosite
6820,Barquillite
6821,Bederite
6822,Belovite-(La)
6823,Benyacarite
6824,Berezanskite
6826,Blatonite
6827,UM1941-01-F:AlCaHMgNa
6829,Boralsilite
6830,α-Brass
6831,Brendelite
6832,Brewsterite-Ba
6833,Brewsterite-Sr
6834,Brianroulstonite
6840,Calcioandyrobertsite
6843,Calcybeborosilite-(Y)
6844,Cannilloite
6845,Caoxite
6848,Caresite
6849,Carmichaelite
6850,Castaingite
6851,Cebaite-(Nd)
6853,Kupletskite-(Cs)
6854,Chabazite-Ca
6855,Chabazite-K
6856,Chabazite-Na
6857,Chabazite-Sr
6858,Chadwickite
6860,Changchengite
6861,Changoite
6862,Charmarite-2H
6863,Charmarite-3T
6864,Chelyabinskite
6865,Cheralite
6866,Chernovite-(Ce)
6867,Chevkinite-(Ce)
6868,Chlorartinite
6869,Chloromenite
6870,Christelite
6871,Chrombismite
6872,Chromphyllite
6874,Churchite-(Dy)
6875,Churchite-(Nd)
6876,Clerite
6879,Clinocervantite
6881,Clino-holmquistite
6882,Clinoptilolite-Ca
6883,Clinoptilolite-K
6884,Clinoptilolite-Na
6885,Cobaltlotharmeyerite
6887,Cocinerite
6888,Colerainite
6889,Coparsite
6890,Coskrenite-(Ce)
6891,Crerarite
6892,Crestmoreite
6893,Cuboargyrite
6894,Cumengeite
6895,Dachiardite-Ca
6896,Dachiardite-Na
6897,Damiaoite
6899,Deliensite
6900,Deloneite
6902,Dessauite-(Y)
6904,Dinite
6905,Donbassite
6906,Dusmatovite
6907,Dzharkenite
6908,Dzhezkazganite
6909,Eastonite
6910,Edgarite
6911,Effenbergerite
6912,Ekmanite
6915,Erionite-Ca
6916,Erionite-K
6917,Erionite-Na
6919,Esperanzaite
6920,Faujasite-Ca
6921,Faujasite-Mg
6922,Faujasite-Na
6923,Feinglosite
6926,Ferro-ferri-nyboite
6927,Clino-ferro-ferri-holmquistite
6928,Clino-ferri-holmquistite
6929,Ferri-nybøite
6930,Ferrierite-K
6931,Ferrierite-Mg
6932,Ferrierite-Na
6933,Ferroaluminoceladonite
6935,Ferroceladonite
6937,Ferrohagendorfite
6938,Ferrokinoshitalite
6939,Ferrolaueite
6940,Ferro-ferri-leakeite
6941,Ferronordite-(Ce)
6944,Ferrotitanowodginite
6946,Fianelite
6947,Florenskyite
6948,Fluorcaphite
6949,Fluoro-cannilloite
6950,Fluoro-edenite
6951,Ferro-ferri-fluoro-leakeite
6952,Fluoro-richterite
6954,Formicaite
6957,Frankamenite
6958,Frankhawthorneite
6959,Fullerite
6960,Gageite-2M
6961,Galileiite
6962,Gallobeudantite
6963,Gaotaiite
6966,Gatehouseite
6967,Georgbokiite
6968,George-ericksenite
6969,Gerenite-(Y)
6970,Gilmarite
6971,Gmelinite-Ca
6972,Gmelinite-K
6973,Gmelinite-Na
6974,Goldamalgam (of Chen et al.)
6975,Gordaite
6976,Gottardiite
6977,Graeserite
6978,Grattarolaite
6979,Gregoryite
6980,Iron-bearing Saponite
6981,Grumiplucite
6982,Gutsevichite
6983,Gwihabaite
6984,Haggertyite
6985,Haigerachite
6986,Hechtsbergite
6987,Hellandite
6988,Heulandite-Ca
6989,Heulandite-K
6990,Heulandite-Na
6991,Heulandite-Sr
6992,Hexaferrum
6993,Heyrovskyite
6994,Hiarneite
6998,Horobetsuite
6999,Horvathite-(Y)
7003,Hydrougrandite
7004,Hydrowoodwardite
7005,Hyttsjoite
7006,Iddingsite
7007,Ilinskite
7008,Iltisite
7013,Tatyanaite
7016,Scainiite
7018,Raadeite
7020,Mallestigite
7023,Zugshunstite-(Ce)
7024,Levinsonite-(Y)
7026,Zalesiite
7027,Cabalzarite
7033,Potassic-ferro-ferri-sadanagaite
7037,Rollandite
7038,Carraraite
7039,Bleasdaleite
7043,Zincgartrellite
7044,Rappoldite
7046,Brandholzite
7047,Fluornatromicrolite
7048,Lemmleinite-K
7049,Ekatite
7053,Vajdakite
7055,Zincalstibite
7056,Orlandiite
7058,Lulzacite
7059,Krettnichite
7061,Springcreekite
7062,Belloite
7063,Rengeite
7064,Kapitsaite-(Y)
7065,Bismutopyrochlore (of Chukanov et al.)
7066,Mozgovaite
7069,Gottlobite
7070,Urusovite
7072,Tegengrenite
7073,Clearcreekite
7074,Bakhchisaraitsevite
7076,Svenekite
7078,Johntomaite
7080,Tamaite
7081,Cerchiaraite-(Mn)
7082,Londonite
7083,Bigcreekite
7084,Henrymeyerite
7088,Adamsite-(Y)
7089,Dukeite
7090,Brodtkorbite
7091,Chromceladonite
7095,Cobalttsumcorite
7097,Manganonaujakasite
7098,Niobokupletskite
7099,Petterdite
7101,Ercitite
7102,Tumchaite
7104,Paganoite
7105,Cejkaite
7106,Ferrokentbrooksite
7110,Schiavinatoite
7111,Intersilite
7112,Iridisite
7114,Isolueshite
7115,Isovite
7116,Itoigawaite
7117,Jachymovite
7118,Jahnsite-(MnMnMn)
7119,Jaipurite
7120,Jedwabite
7121,Jorgensenite
7122,Juabite
7123,Juanitaite
7125,Julgoldite-(Fe3+)
7126,Juonniite
7127,Kalifersite
7128,Kaluginite
7129,Kastningite
7130,Kehoeite
7131,Kenhsuite
7132,Kentbrooksite
7133,Kerolite
7134,Kerstenite
7135,Khaidarkanite
7136,Khmaralite
7137,Khomyakovite
7138,Hydroxylian Pseudorutile
7140,Koragoite
7141,Korobitsynite
7142,Kozoite-(Nd)
7143,Krasnogorite
7144,Krasnoselskite
7145,Krasnovite
7146,Kukharenkoite-(Ce)
7147,Kuzelite
7148,Kuzmenkoite-Mn
7149,Laforetite
7151,Leisingite
7154,Levyne-Ca
7155,Levyne-Na
7159,Lukechangite-(Ce)
7162,Magnesio-foitite
7163,Katophorite
7165,Mahnertite
7169,Manganokhomyakovite
7170,Manganonordite-(Ce)
7172,Mayingite
7173,Mcalpineite
7174,Mccrillisite
7178,Meurigite-K
7179,Mitryaevaite
7183,Morozeviczite
7184,Mutinaite
7185,Nabiasite
7186,Nafertisite
7187,Natroxalate
7189,Nepskoeite
7190,Nezilovite
7191,Nickelphosphide
7192,Niedermayrite
7193,Nierite
7196,Niobocarbide
7197,Nobleite
7200,Odintsovite
7201,Oenite
7202,Okayamalite
7205,Oneillite
7208,Orthochevkinite
7211,Owensite
7214,Palladodymite
7215,Paraniite-(Y)
7216,Parascorodite
7217,Parasibirskite
7218,Paulingite-Ca
7219,Paulingite-K
7220,Paulingite-Na
7223,Penobsquisite
7226,Peterbaylissite
7227,Phillipsite-Ca
7228,Phillipsite-K
7229,Phillipsite-Na
7230,Philolithite
7231,Phosinaite-(Ce)
7232,Phosphoellenbergerite
7233,Phosphogartrellite
7234,Phosphovanadylite-Ba
7235,Pianlinite
7236,Pimelite
7237,Pingguite
7238,Piretite
7240,Polkanovite
7244,Potassic-fluoro-richterite
7245,Potassic-sadanagaite
7246,Potassic-pargasite
7247,Potassic-richterite
7248,Potassic-ferro-sadanagaite
7250,Miassite
7251,Pretulite
7252,Prismatine
7254,Proto-ferro-anthophyllite
7255,Protojoséite
7256,Proto-ferro-suenoite
7257,Pseudosinhalite
7258,Pushcharovskite
7259,Pyatenkoite-(Y)
7260,Pyrocoproite
7261,Pyrophosphite
7262,Quadratite
7265,Quintinite
7266,Quintinite-3T
7267,Radium-bearing Barite
7268,Rambergite
7269,Rheniite
7270,Rhodarsenide
7271,Rodolicoite
7274,Rosiaite
7275,Rossmanite
7276,Rubicline
7277,Saddlebackite
7278,Scandiobabingtonite
7279,Schaferite
7281,Schwertmannite
7284,Seidite-(Ce)
7286,Selen-tellurium
7287,Selwynite
7288,Serrabrancaite
7289,Sheldrickite
7290,Shibkovite
7291,Shkatulkalite
7292,Shuangfengite
7293,Sidpietersite
7294,Sigismundite
7296,Silvialite
7297,Simmonsite
7298,Smolyaninovite
7299,Smrkovecite
7300,Sobotkite
7307,Sorosite
7308,Sphaerobismoite
7309,Spodiophyllite
7310,Stanekite
7312,Stibioenargite
7313,Stilbite-Ca
7314,Stilbite-Na
7315,Stoppaniite
7317,Strontiomelane
7319,Sturtite
7321,Sudovikovite
7322,Suredaite
7323,Sztrókayite
7325,Tainiolite
7327,Tantalcarbide
7328,Tantalowodginite
7329,Native Tantalum
7330,Ternesite
7331,Ternovite
7332,Terranovaite
7333,Tetraferriannite
7335,Theresemagnanite
7336,Thomasclarkite-(Y)
7337,Tinnunculite (of Chesnokov & Shcherbakova)
7338,Titanclinohumite
7339,Titanium
7340,Tongxinite
7341,Trilithionite
7343,Tschortnerite
7344,Tsugaruite
7345,Turkestanite
7346,Ungursaite
7348,Utahite
7349,Vanadomalayaite
7351,Veatchite-1M
7352,Vergasovaite
7353,Viaeneite
7354,Vicanite-(Ce)
7356,Vihorlatite
7357,Vlodavetsite
7359,Vuoriyarvite-K
7360,Walfordite
7361,Wallkilldellite-(Fe)
7364,Wesselsite
7365,Wilhelmkleinite
7366,Wilkeite
7367,Wiluite
7368,Wolframoixiolite
7369,Wollastonite-1A
7370,Wollastonite-7A
7371,Wooldridgeite
7372,Wupatkiite
7374,Xenotime-(Yb)
7376,Yamatoite
7378,Yixunite
7379,Yttrocerite
7380,Yttrotungstite-(Ce)
7381,Yuanjiangite
7382,Yvonite
7383,Gagarinite-(Ce)
7384,Zdenekite
7385,Zinclavendulan
7386,Zincohogbomite-2N2S
7387,Zlatogorite
7395,Quartz-beta
7403,Parisite
7414,Mg-rich Erythrite
7427,Cobalt-bearing Rhodochrosite
7433,Cobalt-nickel-pyrite (of Vernadsky)
7434,Hengleinite
7437,Cobalt-bearing Adamite
7443,Melanite
7450,Synchysite
7457,Rozhkovite
7458,Hydrophane
7459,Cyclite
7460,Breislakite
7473,Bort
7478,Cimolite
7481,Cymophane
7491,Cyprusite
7493,Cyrtolite
7494,Chacaltaîte
7501,Ca-rich Siderite
7502,Khodnevite
7510,Ni-Serpentine
7514,Ammonia-niter
7520,Snow
7527,Kauaiite
7529,Ozocerite
7535,Topazolite
7540,Gold Opal
7549,Goodletite
7550,Goongarrite
7555,Goshenite
7557,Viridine
7568,Graebeite
7581,Biehlite
7582,Charmarite
7583,Ducktownite
7585,Zinc-bearing Dolomite
7592,Botswana Agate
7593,Brecciated Agate
7594,Cloud Agate
7595,Crazy Lace Agate
7596,Enhydro Agate
7598,Eye Agate
7599,Dendritic Agate
7601,Fire Agate
7602,Fortification Agate
7603,Fossil Agate
7604,Sardonyx
7605,Amberine
7606,Ametrine
7607,Sard
7610,Iris Agate
7611,Laguna Agate
7612,Landscape Agate
7613,Mexican Lace Agate
7614,Nipomo Agate
7616,Bloodstone
7619,Apricotine
7620,Sceptre Quartz
7621,Arkansas Candle
7622,Binghamite
7623,Cape May Diamond
7630,Clinopyroxene Subgroup
7637,Telluromayingite
7638,Lamprophyllite-2M
7639,Lamprophyllite-2O
7640,UM1995-11-E:SbSn
7641,UM1995-12-E:SbSn
7642,UM1995-13-E:SbSn
7644,UM1995-08-E:PbSn
7646,UM1995-09-E:PbSn
7647,UM1997-23-CO:CaCuHU
7649,UM1997-24-CO:CaCuHU
7652,UM1997-27-CO:CaHKSU
7653,UM1997-09-AsO:CaHMgZn
7654,UM1997-48-SO:HPbU
7655,UM2006-//-O:HPbU
7658,UM1997-19-AsO:HU
7659,UM1997-16-AsO:HMg
7660,Pertsevite-(OH)
7661,UM1997-25-CO:CaCuHU
7662,Unnamed (Ca-Mg Arsenate II)
7663,UM1997-10-AsO:CaV
7674,Tetragonal Titanium
7675,Unnamed (Pd Arsenide)
7676,Unnamed (Pd-Ni Arsenide)
7677,Luobusaite
7678,UM1974-09-S:BiCuPb
7679,UM2000-46-S:BiCuPb
7680,Salzburgite
7682,UM2000-40-O:PdSb
7683,UM2000-28-O:BiPdSb
7685,Unnamed (P-rich Natroalunite)
7688,Cleavelandite
7689,"Hexaferrum-(Fe,Ru)"
7690,"Hexaferrum-(Fe,Os)"
7691,"Hexaferrum-(Fe,Ir)"
7698,Cupro-Allophane
7700,Belovite
7710,Peridot
7717,Magnesioferrikataphorite
7719,Mercury-bearing Tetrahedrite
7726,Telluronevskite
7729,Hydroxylclinohumite
7735,UM1999-09-E:AuPd
7736,UM1965-07-E:CuSn
7737,UM1999-11:I:CuS
7740,Hiddenite
7745,Fuggerite
7751,Frugardite
7761,UM1999-16-O:PbPd
7762,UM1999-17:O:PbV
7765,Maskelynite
7767,Mascareignite
7773,Flos Ferri
7788,Wehrlite (of Huot)
7800,Argentine
7806,Argentocuproaurite
7807,Argentocuproaurite-I
7836,Tsavorite
7844,Arkansite
7849,Hydrotroilite
7866,α-Arsenic Sulphide
7872,Leucaugite
7873,Breunnerite
7876,Blistered Copper
7954,Astrolite
7961,Tietaiyangite
7962,Calciosamarskite
7963,UM1999-02-As:NiRh
7964,UM1999-13-O:HIrRh
7966,UM1999-04-AsO:CaYREE
7967,Copper-bearing Anglesite
7969,Unnamed (Pd Antimonide Arsenide)
7970,UM1999-18-OH:Pd
7971,UM1999-14-O:HPd
7972,Unnamed (Pt-Fe Alloy)
7973,Unnamed (Pd-Pt-Sb-Sn-As mineral)
7974,Unnamed (Pd Stannotelluro-Arsenide)
7975,Unnamed (Pd-Pt-Sn-As-Sb mineral)
7979,UM1998-01-AsSb:CoFeNi
7980,Zinccopperite
7981,Niobium
7982,Tungsten
7983,Wolframowodginite
7984,UM1998-03-Cl:Tl
7985,UM1998-//-BOSiO:AlFeMg[2]
7987,Unnamed (Rh-Ni Arsenide II)
7988,Unnamed (Rh Arsenide)
7989,Bismuth-bearing Ramdohrite
7996,Amber Opal
7998,Black Opal
7999,Bone Opal
8000,Boulder Opal
8001,Cacholong
8002,Contra Luz Opal
8003,Crystal Opal
8007,Pig's Egg
8008,UM1998-15-S:CuFeZn
8009,Unnamed (Ru-Os-Ir-Fe oxides)
8010,UM1998-11-O-AuHSb
8011,Platinoshuangfengite
8014,Lepidomelane
8016,Tsilaisite
8018,Petrified Wood
8056,Almashite
8058,Yttrium-bearing Titanite
8069,Keilhauite
8073,Aluminium Spinel
8074,Aluminobetafite (of Kawai)
8075,Aluminian Scorodite
8081,Alumocalcite
8082,Alumo-chalcosiderite
8083,Aluminian Chromite
8094,Picrochromite
8095,Chrompicotite
8096,Alumo-chrompicotite
8097,Aluminian Chrysocolla
8100,Alumoferroascharite
8107,Manganese-bearing Adamite
8110,Imperial Topaz
8117,Violan
8125,Orileyite
8129,Calamine
8186,Kupferpecherz
8212,Kurgantaite
8224,Soda-Augite
8254,Jargoon
8255,Chromium-bearing Wulfenite
8264,Chromojadeite
8275,Chrysanthemum Stone
8303,Cleiophane
8337,Cupro-Asbolane
8361,Alumohematite
8364,Alumomaghemite
8383,Ambrosine
8393,Ammolite
8469,Aotea
8507,Bagrationite (of Koksharov)
8520,Snowflake Obsidian
8557,Berezovskite
8574,Satin Spar Gypsum
8576,Leucochalcite
8577,Zinc-Schefferite
8578,Sagenite
8579,Damourite
8582,Adamite-Olivenite Series
8587,Åkermanite-Gehlenite Series
8589,Almandine-Pyrope Series
8590,Alluaudite-Ferroalluaudite Series
8591,Almandine-Spessartine Series
8594,Amblygonite-Montebrasite Series
8595,Analcime-Pollucite Series
8596,Andalusite-Kanonaite Series
8597,Andradite-Grossular Series
8598,Andradite-Schorlomite Series
8599,Ankerite-Dolomite Series
8600,Ankerite-Kutnohorite Series
8601,Annabergite-Erythrite Series
8603,Arfvedsonite Root Name Group
8608,Astrophyllite-Kupletskite Series
8610,Austinite-Conichalcite Series
8611,Uranothorite
8612,Babingtonite-Manganbabingtonite Series
8613,Baryte-Celestine Series
8618,Triplite-Zwieselite Series
8620,Mansfieldite-Scorodite Series
8625,Ullmannite-Willyamite Series
8626,Roselite-Wendwilsonite Series
8629,Ludwigite-Vonsenite Series
8630,Hagendorfite-Varulite Series
8631,Strengite-Variscite Series
8632,Cattierite-Vaesite Series
8634,Grossular-Uvarovite Series
8635,Grossular-Hibschite Series
8637,Grossular-Katoite Series
8638,Thorianite-Uraninite Series
8640,Chalcosiderite-Turquoise Series
8642,Ferrotschermakite-Tschermakite Series
8645,Actinolite-Tremolite Series
8646,Actinolite-Ferro-actinolite Series
8647,Ferro-actinolite-Tremolite Series
8649,Axinite-(Mn)-Tinzenite Series
8651,Kobellite-Tintinaite Series
8658,Fayalite-Forsterite Series
8659,Fayalite-Tephroite Series
8663,Ranciéite-Takanelite Series
8664,Sussexite-Szaibélyite Series
8665,Ilmenorutile-Strüverite Series
8666,Stibiocolumbite-Stibiotantalite Series
8667,Columbite-(Fe)-Columbite-(Mn) Series
8668,Columbite-(Fe)-Tantalite-(Fe) Series
8669,Tantalite-(Fe)-Tantalite-(Mn) Series
8671,Hercynite-Spinel Series
8672,Magnesiochromite-Spinel Series
8673,Gahnite-Hercynite Series
8674,Chromite-Hercynite Series
8675,Chromite-Magnesiochromite Series
8677,Gormanite-Souzalite Series
8680,Nickelskutterudite-Skutterudite Series
8681,Gold-Silver Series
8683,Rhodochrosite-Siderite Series
8684,Gaspéite-Magnesite Series
8685,Magnesite-Siderite Series
8686,Ferrisicklerite-Sicklerite Series
8688,Bournonite-Seligmannite Series
8689,Cordierite-Sekaninaite Series
8690,Lazulite-Scorzalite Series
8691,Dravite-Schorl Series
8693,Elbaite-Schorl Series
8694,Powellite-Scheelite Series
8697,Frondelite-Rockbridgeite Series
8698,Riebeckite Root Name Group
8700,Phosphoferrite-Reddingite Series
8702,Geikielite-Ilmenite Series
8703,Ilmenite-Pyrophanite Series
8705,Heterosite-Purpurite Series
8710,Linnaeite-Polydymite Series
8711,Pearceite-Polybasite Series
8712,Analcime-Wairakite Series
8714,Hocartite-Pirquitasite Series
8715,Halotrichite-Pickeringite Series
8716,Harmotome-Phillipsite-Ca Series
8717,Phillipsite-Ca-Phillipsite-K Series
8720,Petitjeanite-Preisingerite Series
8723,Ferropargasite-Pargasite Series
8724,Köttigite-Parasymplesite Series
8731,Celsian-Hyalophane Series
8734,Chalcopyrite-Eskebornite Series
8735,Chamosite-Clinochlore Series
8738,Amosite
8743,Hydrolepidocrocite
8768,Anduoite-Omeiite Series
8772,Nambulite-Natronambulite Series
8773,Descloizite-Mottramite Series
8777,Kentrolite-Melanotekite Series
8778,Scapolite
8780,Tapiolite-(Fe)-Tapiolite-(Mn) Series
8785,Magnesioferrite-Magnetite Series
8786,Jacobsite-Magnetite Series
8787,Sadanagaite Root Name Group
8788,Ferro-ferri-fluoro-katophorite
8789,Hornblende Root Name Group
8791,Ferrocarpholite-Magnesiocarpholite Series
8795,Leverrierite
8811,Limaite
8818,Limnite
8823,Stilpnosiderite
8864,Hubeite
8865,Pyrosmalite-(Fe)-Pyrosmalite-(Mn) Series
8866,Freibergite-Tetrahedrite Series
8867,Chernovite-(Y)-Xenotime-(Y) Series
8890,Copper Pitch Ore
8910,Ferro-Goslarite
8916,Berzeline (of Necker)
8940,Childrenite-Eosphorite Series
8941,Clausthalite-Galena Series
8942,Gustavite-Lillianite Series
8943,Erlichmanite-Laurite Series
8944,Garyansellite-Kryzhanovskite Series
8946,Kaersutite Root Name Group
8948,Geocronite-Jordanite Series
8949,Diopside-Hedenbergite Series
8950,Hedenbergite-Johannsenite Series
8951,Diopside-Johannsenite Series
8952,Hollingworthite-Irarsite Series
8953,Hemihedrite-Iranite Series
8954,Herderite-Hydroxylherderite Series
8955,Fluorellestadite-Hydroxylellestadite Series
8956,Fluorapophyllite-(K) - Hydroxyapophyllite-(K) Series
8957,Ferro-holmquistite
8960,Danalite-Genthelvite Series
8961,Genthelvite-Helvine Series
8962,Glaucophane Root Name Group
8964,Curienite-Francevillite Series
8965,Enstatite-Ferrosilite Series
8966,Edenite Root Name Group
8968,Clinoptilolite-Ca-Heulandite-Ca Series
8971,Clinozoisite-Epidote Series
8979,Buhrstone
8980,Silver-bearing Bindheimite
8996,Crocidolite
9001,Cryptoperthite
9014,Unnamed (Pt-Cu Alloy)
9015,Unnamed (Pt Sulphide)
9016,UM2000-78-Te:Pd
9017,UM2000-49-S:FePdPt
9018,Unnamed (Pt-Pd-Fe-Cu Sulphide)
9019,UM2000-47-S:CuFePdPt
9043,Tangenite
9050,Toad's Eye Tin
9053,Titano-spinel
9055,Hemafibrite
9085,Phillipite
9088,Aluminian Chrysotile
9096,Emmonite
9105,Phosphate-Allophane
9127,Speculite
9131,Spectrolite
9136,Tritomite
9143,Retinite
9150,Chrome Ochre
9153,High Albite
9154,Low Albite
9156,Ancylite
9160,Hokutolite
9165,Hydrohausmannite
9168,Mountain Leather
9170,Mountain Cork
9184,Eucolite
9185,Eucolite-Titanite
9211,Stromnite
9219,Strontium-rich Calcite
9220,Strontiapatite
9247,Tin-bearing Titanite
9250,Eisenkiesel
9252,Sericite
9253,Lake Superior Agate
9255,Muromontite
9257,Chrysolite
9258,Pyrite Group
9259,Stannite Group
9262,Pennine
9264,Plagioclase
9265,Tsumcorite Group
9277,Cupro-iodargyrite
9279,Cuprokirovite
9281,Magnesium-bearing Boothite
9286,Chromium-bearing Dravite
9290,Strontium-bearing Piemontite
9294,Decrespignyite-(Y)
9302,Knoxvillite
9305,Coracite
9313,Knebelite
9321,Carnegieite
9323,Carnevallite
9333,Carnelian
9338,Caryocerite
9346,Strontium-bearing Apatite
9348,Soapstone
9355,Jet
9357,Tundrite
9359,Chillagite
9363,Gillingite
9381,Geyerite
9385,Gilpinite
9392,Polyargyrite
9396,Polyadelphite
9405,Polyhydrite
9410,Pinite
9411,Cordierite-pinite
9413,Polychroilite
9424,Bitumen
9426,Elaterite
9431,El Doradoite
9449,Phosphoscorodite
9452,High Plagioclase
9457,Viterbite
9487,Chañarcillite
9491,Antimony-bearing Westerveldite
9497,Kaneite
9512,Lublinite
9513,Lucasite (of Chatard)
9516,Manganese-bearing Melanterite
9527,Lusakite
9532,Petroleum
9535,Pseudowollastonite
9543,Cordylite
9558,β-Vredenburgite
9559,Vredenburgite
9560,α-Vredenburgite
9563,Brunsvigite
9565,Calciorhodochrosite
9574,Calcio-olivine
9581,K Feldspar
9585,Collinsite-Fairfieldite Series
9586,Vanadium-bearing Adelite
9589,Barium-bearing Orthoclase
9590,Manganese-bearing Grossular
9594,Percivalite
9602,Calcioancylite
9603,Hydromuscovite
9613,Brombotallackite
9627,Iodine and Bromine-bearing Chlorargyrite
9645,Siliciophite
9646,Silico-apatite
9647,Silicocarnotite
9648,Silicomagnesiofluorite
9649,Silicosmirnovskite
9658,Lemanskiite
9666,Egyptian Jasper
9670,Catlinite
9694,Calcium-Montmorillonite
9696,Calcium-Pharmacosiderite
9722,Ponite
9735,Chengbolite
9744,Ceylonite
9756,Cerapatite
9762,Hilgardite-3Tc
9763,Hilgardite-4M
9766,Kelyphite
9767,Pyroxene Group
9769,Picotite
9779,Buserite
9781,Keramohalite
9784,Pitch Opal
9785,Harlequin Opal
9786,Honey Opal
9789,Isopyre
9790,Jasper Opal
9791,Jelly Opal
9792,Lechosos Opal
9793,Lemon Opal
9797,Mexican Fire Opal
9798,Milk Opal
9799,Moss Opal
9800,Mother of Opal
9806,Onyx Opal
9807,Opal Matrix
9810,Pineapple Opal
9811,Pinfire Opal
9813,Pipe Opal
9814,Potch
9815,Precious Fire Opal
9819,Quinzite Opal
9823,Red Flash Opal
9824,Resin Opal
9828,Shell Opal
9832,Wash Opal
9834,Wax Opal
9836,White Opal
9838,Yowah Nut
9847,Randite
9850,Ransätite
9859,Novaculite
9871,Iserine
9875,Ishkulite
9890,Chrome-Halloysite
9893,Chrome-Kaolinite
9894,Chrome-Kyanite
9896,Chrome-Nontronite
9902,Chrome-Pyrophyllite
9903,Chrome-Spinel (of Dana)
9904,Chrome-Tourmaline
9905,Chrome-Tremolite
9906,Chrome-Vesuvianite
9907,Chrome-Zoisite
9911,Chromium-bearing Biotite
9924,Chromium Mica
9927,Fe-Kaolinite
9935,Cossaite (of Piolti?)
9938,Cotterite
9945,Blaubleibender Covellite
9946,Lavrovite
9980,Ledererite
9981,Lederite (of Shepard)
9982,Tauriscite
9983,Tavistockite
9986,Tautoklin
9988,Tawmawite
9989,Taylorite (of Dana)
9997,Marmolite
10003,Mariposite
10005,Marmairolite
10010,Martensite
10011,Martinite (of Kloos)
10017,Rivotite
10019,Blue Beryl (Maxixe)
10045,Riband Jasper
10054,Risörite
10068,Conchilites
10070,Condurrite
10072,Collophane
10078,Colophonite
10090,Munkforssite
10091,Munkrudite
10092,Muntenite
10101,Mushketovite
10106,Mutabilite
10111,Myrickite
10132,Sebkhaînite
10133,Manganese-bearing Epsomite
10137,Fe-pennantite
10142,Fedorovite
10155,Femaghastingsite
10156,Femolite
10157,Fengluanite
10174,Batiferrite
10175,Dashkovaite
10178,Ferganite
10181,Ferriallophane
10182,Haydenite
10183,Hayesine (of Alger)
10184,Hayesine (of Bechi)
10187,Hayesine
10193,Hebronite
10195,Hectorite (of Cox)
10199,Hedenbergite-Hypersthene
10208,Kondrikovite
10213,Könleinite
10235,Gavite
10237,Gedanite
10240,Gel-Anatase
10246,Gel-Bertrandite
10253,Gelmagnesite
10257,Gel-Rutile
10258,Geltenorite
10264,Genèvéite
10268,Florencite
10269,Stylotypite
10270,Zinc-bearing Acanthite
10271,Taznite
10272,Garnet Group
10273,Antimony-bearing Claudetite
10286,Sazhinite
10287,Iron-bearing Zakharovite
10288,Ferberite-Hübnerite Series
10291,UM1988-05-S:AgBiCuHgPb
10292,UM1988-06-S:AgBiCuHgPb
10293,Strontium-bearing Crandallite
10294,Barium-bearing Goyazite
10295,Copper-bearing Elbaite
10297,Unnamed (Cubic Nickel Selenide)
10299,Iron-bearing Calcite
10303,Columbite-Tantalite
10306,Zinc-bearing Libethenite
10307,Kertschenite
10315,Gismondine Subgroup
10316,Lisitsynite
10317,Malinkoite
10318,Pillaite
10319,Woodallite
10320,Native Molybdenum
10322,UM2001-07-E:FeSn
10323,UM2001-18-Si:CuPtSn
10324,Unnamed (Fe Silicide II)
10325,Unnamed (Bi Telluride I)
10326,UM2001-24-Te:BiSe
10327,Unnamed (Bi Telluride Selenide)
10330,Ferro-chloro-pargasite
10331,Unnamed (Ca-analogue of Labuntsovite)
10332,Unnamed (Pd-Ag Telluride)
10333,Fluorannite
10334,Magnesio-fluoro-arfvedsonite
10338,UM2000-05-E:AuSn
10340,Nakaseite
10343,Fencooperite
10344,Gadolinite
10345,Niobium-bearing Anatase
10349,Redgillite
10351,Moroxite
10357,Chusite
10366,Kolskite
10373,Kolosorukite
10377,Pumpellyite-(Fe)
10378,Manganese-bearing Siderite
10380,Oxy-vanadium-dravite
10382,Bradaczekite
10386,Kampfite
10390,Micheelsenite
10392,Orthojoaquinite-(La)
10397,Polyakovite-(Ce)
10400,Titanium-bearing Omphacite
10401,Radial Willemite
10402,Titanium-bearing Jadeite
10404,Chromium-bearing Elbaite
10406,Ferri-pedrizite
10409,Hydrohalloysite
10436,Iron-bearing pargasite
10442,Magnesian hastingsite
10577,Transvaal Jade
10583,Salite
10586,Ferrostilpnomelane
10587,Ferristilpnomelane
10588,Rouaite
10589,Theoparacelsite
10596,Oellacherite
10623,Oerstedtite
10632,Yamaguchilite
10653,Niobium-bearing Rutile
10654,Tedhadleyite
10655,Megakalsilite
10656,Ferrian Chromite
10657,Palladium-bearing Platinum
10658,Platinum-bearing Palladium
10659,Palladium-bearing Melonite
10660,Palladinite
10663,Meteoritic Iron
10677,Silver-bearing Tetrahedrite
10684,Aidyrlite
10690,Pacit
10734,Rinmanite
10735,Picrotephroite
10737,Urbanite
10738,Bonchevite
10739,Unnamed (Tetragonal Pb Oxide Hydrate)
10740,Unnamed (gamma-Zn(OH)2)
10743,Laflammeite
10745,Duftite-β
10790,Byssolite
10791,Cherry Opal
10792,Unnamed (Pb Silicate) ?
10793,Unnamed (Cu-Pb Silicate ?)
10796,Ominelite
10797,Hellandite-(Yb)
10798,Mottanaite-(Ce)
10799,Ciprianiite
10800,Unnamed (Basic  Zinc Sulphate Hydrate)
10804,Kleberite
10809,Jahnsite-(CaFeFe)
10810,Zaccagnaite
10811,Zincowoodwardite
10812,Natroglaucocerinite
10814,Kristiansenite
10816,Nickel-bearing Adamite
10817,Leidyite
10860,Moldavite
10886,Tiger Iron
10889,Watermelon Tourmaline
10901,K-alum
10907,Manganese-bearing Stilpnomelane
10910,Aluminium-bearing Adamite
10916,Silica
10918,Paceite
10919,Hoganite
10923,Porpezite
10924,Nickel-bearing Rosasite
10930,Fergusonite
10934,Nikischerite
10935,Petoskey Stone
10936,Garnierite
10958,Trillium
10964,Plessite
10966,Oxy-dravite
10967,Orthopyroxene Subgroup
10969,Tin-bearing Andradite
10974,Lanthanite
10975,Silver-bearing Galena
10976,Lead-bearing Rhabdophane-(Ce)
10982,Arsenic Sulphide Glass No. 2
10983,Revoredite
10984,Sunstone
10986,Silver-bearing Pentlandite
10991,Xanthochroite
10994,Pararsenolamprite
10995,Baumstarkite
10996,Titanium-bearing Pyrope
10997,Oswaldpeetersite
10999,Felbertalite
11000,Ronneburgite
11001,Brinrobertsite
11002,Bushmakinite
11003,Lanmuchangite
11004,Nickellotharmeyerite
11005,Natrolemoynite
11006,Ondrusite
11007,Orthominasragrite
11008,Allabogdanite
11010,Lukrahnite
11011,Neustadtelite
11012,Remondite-(La)
11013,Tsepinite-Na
11014,Phacolite
11015,Cobaltneustadtelite
11016,Smaragdite
11017,Grothite
11019,Fassaite
11021,Eudialyte Group
11023,Dysanalyte
11026,Zinc-bearing Greenockite
11027,Selenium-bearing Galena
11028,Sicherite
11029,Feklichevite
11030,Ferrous freudenbergite
11031,Picroilmenite
11032,Gladiusite
11033,Symesite
11034,Pyribole
11036,Manganese-bearing Gahnite
11037,Palladium-bearing Gold
11038,Leuchtenbergite
11040,Shungite (1)
11044,Selenium-bearing Sulphur
11077,Lamprophanite
11083,Cuprodescloizite
11084,Proustite-Pyrargyrite Series
11090,Turtmannite
11093,Titanium-bearing Biotite
11094,Aluminous Magnetite
11098,Mooraboolite
11099,Sodium-bearing Bentonite
11100,Nickel-bearing Psilomelane
11101,Nickel-bearing Pyrite
11102,Cobalt-bearing Pyrite
11105,Titanium-bearing Augite
11106,Hexagonite
11109,Pizgrischite
11112,Tischendorfite
11113,Cobaltarthurite
11114,Ferrohogbomite-2N2S
11115,Impsonite
11118,Tweddillite
11119,Smectite Group
11121,Pyknite
11125,Iron-bearing Dolomite
11126,Cobalt-bearing Gersdorffite
11127,Skemmatite
11128,Sewardite
11129,High-Hydrated Si-Deficient Vesuvianite
11131,Trinitite
11132,Radovanite
11134,Copper-bearing Planerite
11135,Serpentine Subgroup
11136,Kaolinite-Serpentine Group
11138,Nussièrite
11140,Nuttallite
11143,Heterophyllite
11145,Teruelite
11152,Ferruginous Microcline
11153,Pseudomesolite
11154,Greenovite
11157,Burnsite
11158,Matsubaraite
11159,Karupmollerite-Ca
11162,Pseudogaylussite
11168,Selenopolybasite-Tac
11171,Quisqueite
11179,Pelagosite
11184,Sheridanite
11185,Copper-bearing Melanterite
11186,Buryatite
11187,Bussenite
11188,Cronusite
11190,Juddite
11197,Kasparite
11200,Fowlerite
11202,Gold-bearing Linnaeite
11203,Cobalt-bearing Rammelsbergite
11204,Cobalt-bearing Mansfieldite
11205,Tellurium-bearing Tennantite
11206,Manganlotharmeyerite
11208,Ferronordite-(La)
11209,Galgenbergite-(Ce)
11212,Se-free Junoite
11213,Se-free Proudite
11215,Whelanite
11216,Dickthomssenite
11220,Thorian Britholite-(Ce)
11229,Allanite-Epidote
11235,Epileucite
11254,Johnstonite (of Haidinger)
11259,Crucilite
11264,Janite
11279,Zinc-bearing Malachite
11329,Siberite
11332,Magnioursilite
11335,Zinc-bearing Stannite
11337,Sphaerobertrandite
11338,Bobkingite
11339,Tellurium-bearing Canfieldite
11340,Cliftonite
11341,Chromium-bearing Phlogopite
11345,Quatrandorite
11347,Lithian Muscovite
11348,Manganese-bearing Ilmenite
11349,Antimony-bearing Bismuth
11350,Cesian Analcime
11352,Bismuth-bearing Antimony
11353,Bismuth-bearing Stibarsen
11354,Hafnian Zircon
11356,Greifensteinite
11358,Silver-bearing Enargite
11359,Silver-bearing Covellite
11360,Calcioursilite
11362,Calcozincite
11363,Tin-bearing Chalcopyrite
11364,Gold-bearing Chalcopyrite
11365,Selenium-bearing Metacinnabar
11369,Titanium-bearing Chromite
11371,Chromium-bearing Dawsonite
11372,Chromium-bearing Alumohydrocalcite
11373,Nickel-bearing Ankerite
11374,Chromium-bearing Limonite
11375,Antimony-bearing Kobellite
11376,Antimony-bearing Bismuthinite
11378,Schneebergite
11379,Nickelschneebergite
11380,Calcium-bearing Pyromorphite
11382,Zinc-bearing Siderite
11383,Graulichite-(Ce)
11384,Krut'aite-Trogtalite Series
11385,Mercurian Cadmoselite
11386,Copper-bearing Cadmoselite
11389,Indochinite
11391,Cobalt-bearing Polydymite
11392,Iron-bearing Cobaltite
11393,Danaite
11394,Cobalt- and Nickel-bearing Chlorite
11395,Nickel-bearing Pyrrhotite
11400,Stibiopyrochlore (of Pezzotta et al.)
11401,Strawberry Quartz
11408,Dry Bone Ore
11420,Nickel-iron
11424,Labuntsovite-Mg
11425,Labuntsovite-Fe
11429,Unnamed (Cu-Pd Alloy)
11430,Bull Quartz
11432,Novgorodovaite
11433,Ferriallanite-(Ce)
11434,Potassic-ferri-leakeite
11435,Shirokshinite
11436,Santabarbaraite
11437,Litvinskite
11438,Monazite-(Sm)
11439,Nabesite
11440,Lemmleinite-Ba
11441,Metaberyllite
11444,Zincohogbomite-2N6S
11445,Magnesionigerite-6N6S
11446,Magnesionigerite-2N1S
11447,Magnesiohogbomite-6N6S
11448,Magnesiohogbomite-2N3S
11450,Magnesiohogbomite-2N2S
11451,Ferronigerite-6N6S
11452,Ferrohögbomite-6N12S
11453,Zinconigerite-2N1S
11454,Zinconigerite-6N6S
11455,Bobjonesite
11456,Cattiite
11458,Gjerdingenite-Fe
11459,Klaprothite (of Petersen)
11460,Niigataite
11461,Watatsumiite
11462,Silver-bearing Pyrolusite
11463,Silver-bearing Wad
11464,Percleveite-(Ce)
11465,Tantalite-(Mg)
11466,Shirozulite
11467,Reidite
11469,Chlorastrolite
11470,Vanadium-bearing Mimetite
11475,Manganvesuvianite
11476,Kanonerovite
11477,Proto-anthophyllite
11478,Native Manganese
11479,Fluoro-nyboite
11481,Tsumgallite
11482,Silver-bearing Cerussite
11505,Strontium-bearing Aragonite
11511,Guanacoite
11514,Holfertite
11516,Ankinovichite
11518,Diversilite-(Ce)
11520,Beryllium-bearing Vesuvianite
11528,Hydrobismutite
11561,Iron-bearing Phlogopite
11576,Orvillite
11595,Ferri-gehlenite
11596,Ferrian Halloysite
11601,Ferrian Ilmenite
11620,Baryte Rose
11630,Pissophanite
11634,Manganese-bearing Pickeringite
11642,Strontium-bearing Thomsonite
11653,Mozambikite
11659,Muchuanite
13383,Mangano-ferri-fluoro-leakeite
18999,Glockerite
20574,Papierspat
22168,Needle Tin
23250,Olefinite
25545,Rubrite
25552,Silver-bearing Chalcocite
25557,Silver-bearing Bornite
25561,Carbon Dioxide Ice
25563,Helium
25570,Albertite
25580,Amarillo Stone
25585,Hillite
25586,Kukharenkoite-(La)
25587,Anorthominasragrite
25588,Goldquarryite
25590,Neskevaaraite-Fe
25591,Copper Stain
25592,Zinc-bearing Tennantite
25593,Silver-bearing Tennantite
25594,Aluminous Coquimbite
25597,Calderonite
25598,Kochite
25599,Paravinogradovite
25600,Telyushenkoite
25601,Vitimite
25602,Pellouxite
25604,Rhenium-bearing Molybdenite
25609,Mg-rich Dolomite
25612,Coolgardite
25614,Darwin Glass
25628,Pregrattite
25629,Zeiringite
25631,Rosthornite
25632,Carinthine
25633,Tokyoite
25634,Beryllium-bearing Epidote
25635,Köflachite
25637,Tuite
25638,Marinellite
25640,Verbeekite
25644,Pertsevite-(F)
25646,Ixolite
25647,Jaulingite
25650,Iwashiroite-(Y)
25651,Arsenical Tetrahedrite
25652,Pezzottaite-(Cs)
25664,Pistomesite
25665,Mesitine Spar
25667,Mg-rich Siderite
25669,Silver-bearing Wittichenite
25673,Kozoite-(La)
25674,Carbokentbrooksite
25675,Zirsilite-(Ce)
25676,Ganterite
25677,Vasilyevite
25679,Ferrian Variscite
25680,Ferri-ghoseite
25681,Almarudite
25682,Rondorfite
25683,Fluorvesuvianite
25685,Spriggite
25686,Ikranite
25687,Raslakite
25688,Schlemaite
25689,Branchite
25690,Catalanoite
25691,Haleniusite-(La)
25692,Phosphowalpurgite
25693,Tarkianite
25696,Nevadaite
25698,Maleevite
25700,Pekovite
25702,Zeravshanite
25704,Potassiccarpholite
25707,Haineaultite
25709,Zincospiroffite
25711,Kuannersuite-(Ce)
25713,Zincolibethenite
25715,Prassoite
25719,Heulandite-Ba
26262,Cleusonite
26289,Pseudojohannite
26345,Martinite
26354,Trattnerite
26355,Tsepinite-K
26356,Paratsepinite-Ba
26363,Manganilvaite
26367,Tsepinite-Ca
26372,Vastmanlandite-(Ce)
26376,Drobecite
26379,Prewittite
26382,Manganiandrosite-(Ce)
26383,Meniaylovite
26386,Gabrielite
26391,Jagueite
26392,Larisaite
26393,Rouxelite
26396,Hydrodolomite
26401,Menshikovite
26404,Marumoite
26405,Plume Agate
26406,Titanium-bearing Andalusite
26408,Ferricerite-(LaCa)
26411,Glass
26414,Cobaltkieserite
26417,Alsakharovite-Zn
26419,Hapkeite
26440,Cavoite
26442,Gjerdingenite-Mn
26443,Ansermetite
26444,Aluminomagnesiohulsite
26445,Gramaccioliite-(Y)
26446,Kapustinite
26447,Bykovaite
26449,Jacquesdietrichite
26453,Taseqite
26454,Paarite
26457,Cupromakovickyite
26458,Kupcikite
26469,Manganese-bearing Hedenbergite
26492,Denim Lapis
26498,Tourmalinated Quartz
26518,Leogangite
26520,Bario-olgite
26521,Lepkhenelmite-Zn
26522,Petewilliamsite
26525,Aurivilliusite
26526,Zinc-bearing Devilline
26527,Molybdenian Stolzite
26528,Calcium-bearing Queitite
26529,Coutinhoite
26531,Chromium-bearing Leadhillite
26532,Tungsten-bearing Wulfenite
26541,Barium-bearing Volborthite
26542,Lithian Wad
26553,Bisbeeite
26555,Silver-bearing Anglesite
26564,Gold-bearing Galena
26565,Hornblende-asbestos
26569,Mercury-bearing Tennantite
26570,Thallium-bearing Cryptomelane
26575,Museumite
26577,Filatovite
26578,Lindbergite
26581,Ovamboite
26586,Rastsvetaevite
26592,Uranium-bearing Graphite
26593,Manganese-bearing Ankerite
26594,Adamantane
26597,Cuprogoslarite
26598,Copper-bearing Fraipontite
26600,Herbertsmithite
26604,Eichbergite
26626,Silver- and Gold-bearing Tetrahedrite
26628,Zinc-bearing Staurolite
26645,Manganese Dendrites
26648,Erzbergite
26650,Ferropickeringite
26658,Margarodite
26664,Manganese Oxides
26665,Rudenkoite
26667,Schlegelite
26672,Nabalamprophyllite
26676,Beryllium-bearing Margarite
26683,Greinerite
26687,Forcherite
26689,Kochenite
26694,Pinolite
26701,Angelaite
26707,Putzite
26708,Kudriavite
26715,Seifertite
26723,Blue Quartz
26732,Bořickýite
26739,Bowlingite
26740,Brauneisenerz
26741,Braun-Eisenstein
26742,Braunspat
26743,Copper-bearing Halloysite
26751,Copal
26753,Antimony-bearing Cosalite
26754,Chromium-bearing Mimetite
26760,Dopplerite
26765,Iron-bearing Epsomite
26770,Iron Rose
26774,Vanadiocarpholite
26781,Beta-Willemite
26784,Genthite
26800,Honigblende
26803,Hornstein
26804,Silex
26805,Hullite
26807,Jadeite-Aegirine
26811,Kanonenspat
26813,Klaprothite (of Petersen or Beudant)
26816,Nickel-bearing Clinochlore
26820,Leobenite
26821,Leonhardite
26824,Leucophyllite (of Starkl)
26837,Copper-bearing Saponite
26838,Medmontite
26850,Molybdoscheelite
26856,Nigrine
26864,Picrolite
26871,Lead-bearing Calcite
26875,Protodolomite
26876,Pseudozoisite
26878,Artsmithite
26886,Rohwand
26893,Samtblende
26894,Saussurite
26897,Scharizerite
26918,Turnerite
26919,Trinkerite
26921,Tunnerite (of Cornu)
26924,Uranocker
26929,Weißnickelkies
26933,Withamite
26980,Skaergaardite
26981,UM2004-08-E:AuCuPd
26982,Unnamed (Pt-Fe-Cu-Pd Alloy)
26983,Nielsenite
26984,Unnamed (Pd-Cu-Sn Alloy)
26985,UM1991-06-E:AuCu
26986,Unnamed (Pd-Au-Cu Alloy)
27027,Zincostaurolite
27030,Mahogany Obsidian
27047,Eleolite
27056,Elaeolite
27065,Penninite
27087,Hellandite-(Ce)
27104,Eveslogite
27105,Jarandolite
27112,Glendonite
27121,Potash Clay
27125,Plazolite
27129,Burmite
27130,Nickel-bearing Serpentine
27131,Gold-bearing Limonite
27132,Clinothulite
27134,Rosolite
27137,Blanfordite
27139,Nigrite
27152,Marecottite
27155,Oregon Sunstone
27158,Rainbow Obsidian
27160,Smirnovskite
27163,Grape Garnet
27164,Umbalite
27165,Star Garnet
27170,Pastelite
27171,Orbicular Jasper
27173,Pigeon Blood Agate
27180,Combarbalite
27184,Seraphinite
27187,Starlite
27190,Albite Moonstone
27196,Keilite
27199,Redondite
27200,Pautovite
27201,Enalite
27202,Naldrettite
27204,Wilhelmramsayite
27205,Mazzettiite
27207,Chlorbartonite
27208,Capillitite
27210,Riomarinaite
27212,Cadmoindite
27214,Jenkinsite
27220,Manganese-bearing Pectolite
27221,Eyselite
27224,Catamarcaite
27226,UM2006-11-S:CuFeGeZn
27227,Carbonado
27232,Williamsite
27236,Fire Obsidian
27245,Trudellite
27246,Ferruginous Quartz
27252,Jelinite
27257,Pyralspite
27258,Sailaufite
27262,Pietersite
27270,Ricolite
27272,Nickel-bearing Magnesite
27276,Damsonite
27278,Chrysocolla Chalcedony
27293,Küstelite
27295,Retinalite
27304,Washingtonite
27328,Gold Amalgam
27339,Reinite
27350,Gatelite-(Ce)
27353,Zinc-bearing Aragonite
27354,Houghite
27358,Christianite
27365,Guadalcazarite
27366,Forbesite
27368,Eupyrchroite
27373,Oxy-rossmanite
27374,Mangani-dellaventuraite
27377,Jacinto de Compostela
27382,Plumboagardite
27384,Biraite-(Ce)
27386,Manganokukisvumite
27388,Avdoninite
27392,Titanocolumbite
27393,Vurroite
27395,Skorpionite
27397,Qaqarssukite-(Ce)
27399,Mazzite-Na
27401,Dissakisite-(La)
27403,Copper Sulphides
27405,Biochlorite
27406,Bobtraillite
27408,Mutnovskite
27412,Matioliite
27414,Juangodoyite
27416,Chistyakovaite
27418,Golyshevite
27420,Labyrinthite
27422,Challacolloite
27424,Kochsandorite
27426,Piergorite-(Ce)
27428,Hydrokenoelsmoreite
27431,Allanpringite
27433,Atencioite
27436,Joosteite
27437,Dingdaohengite-(Ce)
27438,Karchevskyite
27439,Pumpellyite-(Al)
27440,Ochre
27442,Magnesio-fluoro-hastingsite
27443,Pauflerite
27444,Potassic-fluoro-hastingsite
27445,Potassic-chloro-hastingsite
27446,Kapellasite
27447,Novodneprite
27449,Samarskite-(Yb)
27451,Fluoro-pedrizite
27455,Hydroxylapatite-M
27458,Tsepinite-Sr
27459,Hydroxylwagnerite
27460,Kokchetavite
27462,Sokolovaite
27464,Oxykinoshitalite
27465,Stavelotite-(La)
27466,Vanadoandrosite-(Ce)
27468,Senkevichite
27470,Terlinguacreekite
27471,Ungavaite
27472,Pakhomovskyite
27473,Sreinite
27474,Chukhrovite-(Nd)
27476,Kyrgyzstanite
27479,Johnsenite-(Ce)
27480,Francoisite-(Ce)
27482,Jonassonite
27483,Ferri-winchite
27485,Waterhouseite
27486,Slavkovite
27487,Mogovidite
27489,Farneseite
27490,Scheuchzerite
27491,Parvo-manganotremolite
27492,Kalungaite
27493,Selenojalpaite
27494,Aspidolite
27495,Chivruaiite
27496,Krivovichevite
27497,Lingunite
27498,Oftedalite
27499,Sazhinite-(La)
27502,Zoltaiite
27504,Paratsepinite-Na
27506,Georgbarsanovite
27512,Maoniupingite-(Ce)
27514,Rogermitchellite
27516,Grenmarite
27521,Lafossaite
27522,Yazganite
27526,Alpersite
27528,Potassic-arfvedsonite
27530,Arapovite
27532,Holtstamite
27534,Struvite-(K)
27537,Fluoro-pargasite
27539,Milotaite
27541,Parvo-mangano-edenite
27542,Ferrorosemaryite
27543,Fougerite
27545,Krieselite
27552,Moskvinite-(Y)
27558,Aqualite
27561,Paralabuntsovite-Mg
27571,Niksergievite
27572,Mangani-obertiite
27574,Mg-rich Calcite
27575,Rudashevskyite
27576,Poppiite
27577,Phosphoinnelite
27578,Dualite
27579,Paratooite-(La)
27589,Calcium-bearing Seidozerite
27592,Calcium-bearing Wulfenite
27596,Allochalcoselite
27602,Chrome-Omphacite
27607,Menezesite
27608,Phosphohedyphane
27610,Coiraite
27619,Unnamed (MSH UK-37A)
27629,Unnamed (MSH UK-51)
27630,UM1986-63-SiO:FeHKMnNa
27631,UM1990-71-SiO:FeHKMnNaTi
27634,Unnamed (MSH UK-53B)
27638,Lalondeite
27671,Ferro-ferri-sadanagaite
27678,Kingstonite
27689,Moeloite
28877,Calcium-bearing Sérandite
28884,Calciopetersite
28887,Polylithionite-Trilithionite Series
28888,Mangazeite
28889,Arrojadite-(SrFe)
28891,Armbrusterite
28892,Cupromakopavonite
28893,Ardennite-(V)
28895,Arsenic-bearing Renierite
28896,Thomsonite Subgroup
28898,Monheimite
28899,Thomsonite-Sr
28901,Tillmannsite
28908,Carbonite (of Heinrich)
28909,Carbonite (of Mueller)
28914,Glagolevite
28917,Chukanovite
28918,Stornesite-(Y)
28919,Uramarsite
28920,Bouazzerite
28923,Gjerdingenite-Ca
28925,Ferro-nybøite
28930,Potassic-chloro-pargasite
28934,Potassic-ferro-chloro-edenite
28945,Gjerdingenite-Na
28948,Maghrebite
28949,Vavrinite
28951,Pattersonite
28953,Chenguodaite
28954,UM2003-13-S:AgAuCu
28955,UM2003-14-S:AgBiFeTe
28956,Pink Opal
28957,Blue Andes Opal
28958,Lithium Quartz
28959,Arrojadite-(KNa)
28960,Arrojadite Group
28964,Rathite III
28969,Pink Fire Quartz
28971,Cathedral Quartz
28975,Enhydro Quartz
28988,Borocookeite
28993,Cerium-bearing Vesuvianite
28996,Middendorfite
28997,Caryochroite
28998,Melliniite
29000,Laubmannite (of Moore)
29006,Tassieite
29007,Veselovskyite
29011,UM2005-32-SiOCO:CaH
29013,Vernadskite
29014,Maikainite
29025,Larimar
29029,Sanromanite
29030,Santarosaite
29039,Salmonsite
29040,Unnamed (Ce Tungstate)
29041,UM1999-38-WO:CrV
29042,Unnamed (Pb Oxysulphate Hydrate)
29048,Copper-bearing Mansfieldite
29049,Cobalt-bearing Talmessite
29050,Talmessite-Anorthoroselite Series
29064,Arrojadite-(PbFe)
29065,Fluorarrojadite-(BaFe)
29066,Ruifrancoite
29078,Barylite-1O
29079,Ferrosaponite
29083,Zinc-bearing Calcite
29087,Gutkovaite-Mn
29090,Julgoldite-(Mg)
29091,Kuzmenkoite-Zn
29092,Joséite-C
29093,Parageorgbokiite
29094,Yakovenchukite-(Y)
29095,Andreyivanovite
29096,Chopinite
29097,Xenophyllite
29098,Hundholmenite-(Y)
29100,Numanoite
29104,Potassic-magnesio-fluoro-arfvedsonite
29106,Sugakiite
29108,Mossite
29110,Organovaite-Mn
29113,Organovaite-Zn
29114,UM2000-41-O:Ti (TiO2-II)
29116,Nenadkevite
29118,Fluor-schorl
29121,Unnamed (P-analogue of Schultenite)
29122,Duxite
29123,Bastnasite-(Nd)
29125,Unnamed (Kogarkoite-like mineral)
29127,UM2005-31-SiO:CuH
29129,Unnamed (Ba-analogue of Calcioaravaipaite)
29135,Chesnokovite
29136,Zinclipscombite
29138,Fluorcalciobritholite
29139,Fluorophlogopite
29140,Malyshevite
29142,Parakuzmenkoite-Fe
29144,Perrierite-(La)
29146,Pisekite-(Y)
29148,Redikortsevite
29150,Senandorite
29152,Titanomaghemite
29153,Valchovite
29154,Walkerite
29157,Natrolite Subgroup
29159,Stassfurtite
29161,Calcite Group
29162,Eilat Stone
29164,UM2004-45-Se:AgHgPd
29165,UM2004-33-S:AgCuHgSe
29166,Microperthite
29175,Pyrochlore Supergroup
29176,Perovskite Supergroup
29178,Betafite Group
29180,Plumbogummite Group
29190,Crichtonite Group
29197,UM1992-30-SO:CCuHZn
29198,UKI-1975-(SO:AlCu)
29199,Grossular-Pyrope Series
29201,Zippeite Group
29202,Unnamed (Calcium Acetate Monohydrate)
29206,10 Å Phase
29210,Titanium-bearing Berthierine
29211,Silver-bearing Oulankaite
29212,Arsenic-bearing Pyrite
29213,Barium- and Chromium-bearing Muscovite
29214,Hellandite Group
29215,Strontiohilgardite-1Tc
29217,Barium- and Titanium-bearing Biotite
29218,Oxybiotite
29219,Manganese-bearing Phlogopite
29220,Sodalite Group
29221,UM2005-//-E:CuPbPdPt
29222,Lead-bearing Keithconnite
29223,UM2005-35-VO:CaFePSiTh
29224,Unnamed (Rh-Ni Sulphide)
29225,Unnamed (Fe-analogue of Konderite)
29226,UM2005-01-As:PbPdSnTe
29227,Gold and Zinc-bearing Copper
29228,Unnamed (Ni-Ir Sulphide II)
29229,Apatite
29232,Platinum-Group Elements
29234,Iridian Awaruite
29237,Joaquinite Group
29238,Paraíba Tourmaline
29239,Axinite Group
29240,Vanadium Tourmaline
29241,Iron-bearing Starkeyite
29244,Iron-bearing Olenite
29245,Magnesium-bearing Schorl
29246,Lithian excess-boron olenite
29247,Unnamed (Fe-analogue of Zakharovite)
29248,Nickel-bearing Tourmaline
29249,Dravite-Uvite Series
29250,Elbaite-Liddicoatite Series
29251,Adelite-Descloizite Group
29252,Humite Group
29254,Gengenbachite
29255,Arsenovanmeersscheite
29258,Miessiite
29259,Ottensite
29260,Marrucciite
29261,Abramovite
29262,Cloncurryite
29264,Olivine Group
29265,Sapphirine Supergroup
29266,Alluaudite Group
29267,Alunite Supergroup
29268,Amblygonite Group
29269,Aragonite Group
29273,Astrophyllite Supergroup
29274,Autunite Group
29276,Beudantite Group
29279,Cancrinite Group
29283,Germanite Group
29284,Copiapite Group
29285,Coronadite Group
29288,Dolomite Group
29289,Ettringite Group
29290,Fairfieldite Group
29291,Paralammerite
29294,Halotrichite Group
29296,Hematite Group
29297,Hexahydrite Group
29298,Hydrotalcite Group
29299,Ilmenite Group
29304,Lovozerite Group
29305,Ludwigite Group
29306,Magnetoplumbite Group
29308,Marcasite Group
29309,Melanterite Group
29310,Melilite Group
29311,Meta-autunite Group
29312,Mixite Group
29313,Monazite Supergroup
29318,Osumilite Group
29321,Pentlandite Group
29322,Periclase Group
29325,Pumpellyite Group
29326,Rhabdophane Group
29329,Rozenite Group
29330,Rutile Group
29331,Scapolite Group
29333,Sphalerite Group
29336,Tapiolite Group
29337,Tetradymite Group
29338,Tetrahedrite Group
29340,Turquoise Group
29341,Variscite Group
29342,Vivianite Group
29343,Whiteite Subgroup
29347,Unnamed (Gordaite-related Ca-Zn Sulphate Chloride Hydrate)
29350,Lampadite
29357,Aikinite-Bismuthinite Series
29358,Kësterite-Stannite Series
29362,Unnamed (Monoclinic polymorph of Pseudobrookite)
29364,Mg-Mn-Fe-Li Clino-Amphibole Subgroup
29365,Calcium Amphibole Subgroup
29366,Sodium Amphibole Subgroup
29413,Arrojadite-(NaFe)
29414,Arrojadite-(BaNa)
29421,Copper-bearing Beudantite
29423,Cobalt and Magnesium-bearing Annabergite
29424,Cobalt-bearing Austinite
29425,Cobalt-bearing Ferrilotharmeyerite
29426,Copper-bearing Cobaltaustinite
29427,Famatinite-Luzonite Series
29428,Cobalt-bearing Olivenite
29429,Cobalt-bearing Parasymplesite
29430,Chromium-bearing Yukonite
29431,Nickel-bearing Magnetite
29433,Nickel-bearing Talmessite
29435,Manganese-bearing Cobaltlotharmeyerite
29437,Laueite Group
29461,Tantal
29478,Chilenite
29484,Zorgite
29485,Henryite (of Endlich)
29489,Zincselenide
29493,Chalcopyrrhotite
29494,Frieseite
29523,Stibiobismuthinite
29533,Wolfachite
29535,Titanium-bearing Samarskite-(Y)
29537,Unnamed (Mcgovernite-like mineral)
29545,Uedaite-(Ce)
29546,Alloriite
29548,Nechelyustovite
29549,Pittongite
29564,Chathamite
29580,Ruby Silver Ore
29584,Rubinblende
29613,Bismuth-bearing Tennantite
29642,Needle-ore
29643,Dürfeldtite
29666,Pufahlite
29671,Plumbostannite
29676,Histrixite
29677,Dognácskaite
29678,Rezbanyite (of Frenzel)
29682,Chiviatite
29722,Perkovaite
29758,Glaskopf
29789,Hystatite
29792,Picrotitanite
29794,Manganilmenite
29807,Guadarramite
29852,Doelterite
29875,Cobalt-bearing Wad
29886,Copper-bearing Wad
29912,Silesite
29928,Stibioferrite
29936,Robellazite
29952,Clinocrocite
29957,Cleveite
29958,Nivenite
29959,Ferrithorite
29971,Yttrogummite
29986,Hydrogoethite
30006,Lagonite
30020,Alumogel
30035,Brown Iron Ore
30046,Brauner Glaskopf
30066,Kreittonite
30069,Ferropicotite
30070,Chlorospinel
30071,Magnochromite
30076,Vanadium-bearing Magnetite
30091,Clinophaeite
30150,Rutherfordite
30151,Kochelite
30163,Nohlite
30164,Kalkowskite
30172,Hjelmite
30183,Calciotantalite
30195,Wiikite
30246,Iodembolite
30257,Iodian Bromargyrite
30282,Plagiocitrite
30325,Stink-Fluss
30361,Hydromelanothallite
30383,Manganapatite
30389,Meta-jarlite
30426,Ferrocalcite
30435,UM2007-35-SiO:AlCaFFeMgREE
30443,Slate Spar
30445,Sand-Calcite
30452,Dolomitic Calcite
30453,Barleycorn
30454,Labuntsovite Supergroup
30494,Zincorhodochrosite
30499,Remingtonite
30528,Ctypéite
30570,Manganese-bearing Dolomite
30578,Star Corundum
30580,Star Sapphire
30582,Star Ruby
30666,Ambatoarinite
30667,Weibyeite
30719,Hafnon-Zircon Series
30736,Borocalcite
30756,Iron-bearing Boracite
30762,Olmiite
30763,Bortnikovite
30764,Guimaraesite
30765,Footemineite
30767,Pradetite
30778,Attikaite
30802,Fluoro-taramite
30807,Makite
30808,Metathenardite
30863,Bowel Stone
30903,Burangaite-Matioliite Series
30904,Calvertite
30905,Britvinite
30906,Ferroskutterudite
30907,Podlesnoite
30908,Demartinite
30909,Dmitryivanovite
30915,Ferro-ferri-pedrizite
30930,Sclerospathite
30934,Potassic-magnesio-arfvedsonite
30935,Potassic-magnesio-hastingsite
30937,Nuummite
30965,Arsenpolybasite
31209,Strontium-bearing Natroalunite
31221,Connellite-Buttgenbachite Series
31224,Shuiskite-(Cr)
31306,Faizievite
31307,Nalivkinite
31308,Ferromerrillite
31313,Farallonite
31315,Dillnite
31316,Thunder Egg
31323,Fluoro-katophorite
31324,Fluoro-tremolite
31325,Carbonate-rich Apatite
31326,Clinochesterite
31328,Andes Jade
31330,Sulfurite
31363,Unnamed (Arseniosiderite-related mineral)
31374,Arsenic Sulphide Glass No. 1
31404,Barioperovskite
31405,Gillardite
31406,Knasibfite
31407,Hephaistosite
31408,Direnzoite
31409,Parwanite
31417,Meißelspat
31451,Sagenite (of Saussure)
31452,Sagenite (of Kunz)
31458,Iridrhodruthenium
31459,Irite
31470,Parakutnohorite
31473,Priazovite
31493,Scandium Microlite (of Bergstøl & Juve)
31494,Stannoenargite
31498,Osakaite
31499,Braithwaiteite
31500,Haydeeite
31501,Zhangpeishanite
31502,Zincolivenite
31526,Winebergite
31536,Quintinite-2H
31539,Whitlockite Subgroup
31541,Tin-bearing Copper
31542,Britholite Group
31543,Törnebohmite
31550,Cs-rich Lepidolite
31551,Mg-Fillowite
31558,Epidote-(Sr)
31561,Protolithionite
31566,Hydroxylpyromorphite
31567,Hydroxylborite
31570,Jadarite
31580,Unnamed (Ca-analogue of Petterdite)
31584,Rb-rich Lepidolite
31586,Lisiguangite
31587,Lasalite
31588,Grandviewite
31589,Dovyrenite
31590,Lakebogaite
31591,Cassagnaite
31624,Kataranskite
31625,Selenium-bearing Stibnite
31626,Selenium-bearing Covellite
31628,Silver- and mercury-bearing Gold
31638,Freyalite
31641,Polybasite-T2ac
31643,Pearceite-Tac
31645,Selenopolybasite
31646,Stibioluzonite (of Schneiderhöhn & Ramdohr)
31647,Illite-1Md
31648,Illite-2M
31649,Illite-1M
31651,Chicken-Blood Stone
31652,Changhua Stone
31662,Ramanite-(Rb)
31663,Ramanite-(Cs)
31664,Andrianovite
31665,Montetrisaite
31697,Kirovite
31715,Arctowskite
31719,Graphite-2H
31720,Graphite-3R
31721,Molybdenite-2H
31722,Bendadaite
31726,Meridianiite
31727,Munakataite
31728,Barahonaite-(Al)
31734,Erikite
31749,Pulszkyite
31757,Uraconite
31763,Lapparentite (of Rost)
31764,Werthemanite
31794,Lady's Slipper
31812,Lithiophilite-Triphylite Series
31813,Triphylite Group
31845,Chloroarsenian
31848,UM2004-50-SiO:AlFeGd
31850,UM2004-18-O:AlCaGdThTiZr
31851,UM2004-20-O:AlGdLaThTiZr
31852,UM2004-19-O:AlCeGdZr
31853,UM2004-28-O:GdTiZr
31854,Unnamed (Mn-Ca-Ti Oxide)
31855,Unnamed (Mn-Ca-Ce-Ti Oxide)
31856,Unnamed (Mn-Ca-Zr-Ti Oxide)
31857,UM2001-06-E:CrFeNi
31858,UM2003-03-E:AgAuCuZn
31859,Unnamed (K Perrhenate)
31861,Alluaudite-NaNa
31862,Alluaudite-Na[]
31864,Ferroalluaudite-NaNa
31865,Ferroalluaudite-Na[]
31866,Hagendorfite-NaNa
31869,UM2004-17-I:Rh
31891,Wenzelite
31954,Calcium-bearing Annabergite
31957,Zinc-bearing Annabergite
31969,Aluminium-bearing Strengite
31970,Meyersite
31971,Callainite
31976,Hydronephelite
31977,Globosite
31978,Richmondite (of Kenngott)
31991,Vilateite
31993,Lakargiite
31994,Jahnsite-(NaFeMg)
31998,Hydrogarnet
32010,Retzian Group
32013,Chromium-bearing Sericite
32075,Unnamed (Fe-Al Phosphate)
32086,Unnamed (Pb Nitrate-Hydroxide II)
32087,Unnamed (Pb Nitrate-Hydroxide I)
32091,Scandium-bearing Ixiolite (of von Knorring)
32092,Scandium-bearing Ixiolite (of Bergstøl & Juve)
32095,Thallium- and Arsenic-bearing Pyrite
32104,Owyhee Jasper
32107,Vesuvianite Group
32115,Conichalcite-Duftite Series
32122,Albovite
32124,Shelkovite
32125,Kutyukhinite
32126,Afanasievaite
32127,Belosharite
32128,Chesofiite
32129,Igumnovite
32130,UM2005-16-O:CaFe
32150,Aciculite
32153,Muscovite-3T
32155,Sulfalumite
32159,Barahonaite-(Fe)
32181,Gadolinite Group
32183,Synchysite Group
32185,Opal-CT
32186,Opal-C
32187,Opal-AG
32188,Hyalite
32197,Meurigite-Na
32198,Demicheleite-(Br)
32199,Voronkovite
32202,Kandite
32204,Bismuth-bearing Stibiotantalite
32206,Magnesiopascoite
32207,Martyite
32208,Nielsbohrite
32209,Ardennite
32213,UM2004-49-SiO:AlCsFHKLi
32223,Tellurium-bearing Ikunolite
32224,Silver-bearing Galenobismutite
32225,Silver-bearing Bismuthinite
32227,Londonite-Rhodizite Series
32235,Debaoite
32237,Pleurasite
32239,Sjogruvite
32240,Caesium-bearing Polylithionite
32249,Mercurian Gold
32259,Bismuth-bearing Galena
32275,Apatite Group
32284,Allendeite
32285,Stibioclaudetite
32286,Hexamolybdenum
32287,Thermessaite
32288,Fluorcanasite
32289,Niveolanite
32290,Monipite
32300,Benitoite Group
32316,Manganese-bearing Apatite-(CaOH)
32340,Blaubleierz
32341,Collieite
32349,Mimetite-Pyromorphite Series
32350,Calcium-bearing Mimetite
32363,Klajite
32378,UM2003-38-SiO:AlFeHMgMnTi
32379,Thallium-bearing Carnotite
32381,Ferroqingheiite
32395,Salmoite
32411,Planerite-Turquoise Series
32412,Odontolite
32416,Hsihutsunite
32417,Eguëite
32432,Orthobrochantite
32435,Hortonolite
32475,Pharmacosiderite Group
32482,Tikhvinite
32509,Weslienite
32512,Magnetostibian
32517,Lamprostibian
32518,Chondrostibian
32519,Stibiatil
32523,Rubellan
32526,Spreustein
32527,Porricin
32551,Carnotite Group
32555,Muscovite-2M1
32556,Muscovite-2M2
32557,Muscovite-1M
32562,Roscoelite-1M
32565,Phlogopite-1M
32566,Phlogopite-2M1
32567,Phlogopite-3T
32568,Clinochlore-1MIa
32569,Clinochlore-1MIb
32574,Wolframite Series
32575,Argyrodite Group
32615,Bussyite-(Ce)
32616,Suhailite
32618,Ivanyukite-Na
32619,Ivanyukite-K
32620,Ivanyukite-Cu
32621,Biachellaite
32637,Vanadium-bearing Wulfenite
32659,Pateraite
32664,Tanohataite
32665,Horomanite
32666,Samaniite
32667,Fluorokinoshitalite
32725,Antimony-bearing Silver
32726,Arsenic-bearing Silver
33145,Chalcocite-Digenite Group
33172,Chloritoid Group
34120,Moissanite-3C
34122,Moissanite-4H
34160,Monalbite
34300,Calcite Satin Spar
34324,Copper-bearing Gold
34479,Preisingerite-Schumacherite Series
34951,Molybdenite Group
34954,Steacyite Group
35105,Wyllieite Group
35126,Faujasite Subgroup
35265,Arsenofriedelite
35303,Wollastonite-3A
35305,Wollastonite-4A
35307,Wollastonite-5A
35354,Greenalite-1M
35460,Silver Amalgam Group
35534,Iodine
35575,Colimaite
35576,Cupropearceite
35578,Kumdykolite
35579,Leucostaurite
35594,Strontium-Apatite
35595,Fluorapophyllite
35647,Wöhlerite Group
35733,Sepiolite Group
35750,Strunzite Group
35789,Potassic-ferro-pargasite
35790,Alfredstelznerite
35791,Eldfellite
35792,Xieite
35793,Potassic-hastingsite
35831,Voloshinite
35832,Klochite
35833,Burgessite
35845,Pyrobitumen
35858,Hokoite
35859,Bodenbenderite
35867,Gieseckite
35868,Unnamed (Ir Arsenide-Antimonide)
35872,Unnamed (Ir Arsenide Sulphide)
35874,Unnamed (Ir-Fe Alloy I)
35875,Unnamed (Ir-Fe Alloy II)
35876,Unnamed (Ir-Ni Alloy I)
35877,Unnamed (Ir-Ni Alloy II)
35878,UM1990-38-S:CuFeIrNiPtRh
35881,Unnamed (Ir-Os-Ru-Re Alloy)
35883,Unnamed (Ir-Os Sulphide II)
35888,Unnamed (Ir-Os-Rh-Pd-Cu-Fe-Ni Sulphide)
35890,Unnamed (Ir-Os Sulphide III)
35892,Burovaite-Ca
35893,Unnamed (Ag-Pd Telluride Bismuthide)
35894,Unnamed (Pd-Bi Chloride)
35898,Qusongite
35899,Yarlongite
35900,Zangboite
35901,Wakefieldite-(La)
35903,Ferropericlase
35911,Kunatite
35912,Akaogiite
35925,Birchite
35940,Cryophyllite
35949,Pasavaite
35950,Nenadkevichite Group
35951,Droninoite
35952,Cupropolybasite
35958,Cerphosphorhuttonite
35959,Crichtonite-Senaite Series
35967,Jahnsite-(NaMnMg)
35968,Jahnsite-(CaMgMg)
35969,Panichiite
35970,Fantappieite
35971,Proshchenkoite-(Y)
35972,Angastonite
35973,Stronadelphite
35974,Iridian isoferroplatinum
35975,Iridian tulameenite
35978,Thorian Curite
35980,UM1983-09-S:BiPbTe
35982,Grünlingite
35985,Strontioburbankite
35986,UM1989-01-AsS:CoFeNi
36014,Brownleeite
36036,UM2008-53-SiO:SrTiZr
36039,Edenite-Pargasite Series
36040,Tazieffite
36041,Plimerite
36044,Barian Betafite (of Mironov & Gofman)
36058,Boromullite
36060,Eirikite
36062,Batisivite
36064,Pertlikite
36068,Rosstrevorite
36076,Pompton Granite
36079,Zincazurite
36083,Fillowite Group
36831,Allanite-(Nd)
37645,Byzantievite
38692,Steropesite
38693,Aiolosite
38694,Demicheleite-(Cl)
38695,Tistarite
38696,Kamarizaite
38697,Punkaruaivite
38698,Friedrichbeckeite
38699,Steverustite
38700,Paulscherrerite
38701,Alflarsenite
38702,Roumaite
38703,Plumbophyllite
38709,Whitneyite
38713,UM1979-17-S:BiCuFe
38714,UM1977-03-COSiO:CaClH
38715,UM1977-02-CO:AlCaH
38716,"UM1986-10-CO:ClHMgMnZn (also called Mineral F, Dunn, 1995)"
38717,UM1987-01-CO:HMgS
38718,UM1980-01-E:CuZn
38719,UM1980-02-E:CuZn
38720,UM1985-02-E:AlZn
38727,Giessenite-Izoklakeite Series
38729,Muscovite-Paragonite Series
38730,Magnesiohastingsite-Pargasite Series
38739,Plaffeiite
38780,UM1984-09-AsO:ClHMn
38788,Heftetjernite
38826,Mavlyanovite
38827,Brumadoite
38828,Pyracmonite
38829,Davisite
38830,Lapeyreite
38831,Omongwaite
38843,Xocolatlite
38847,Malacon
38851,Yegorovite
38854,Ferro-pedrizite
38864,Hickoryite
38866,Falcon's Eye
38894,Wakefieldite-(Nd)
38895,Ammineite
38897,Joelbruggerite
38898,Adranosite-(Fe)
38899,Stetindite-(Ce)
38900,Florkeite
38927,Unnamed (HBU UK-4)
38929,Unnamed (HBU UK-2)
38930,Unnamed (HBU UK-3)
38933,Blue Diopside
38935,Eskolaite-Karelianite Series
38941,Majorite-Pyrope Series
38949,Beidellite-Montmorillonite Series
38950,Unnamed (Mg-analogue of Smolianinovite)
38984,Zirconium-bearing Halloysite
38989,Kyanoxalite
38991,Aluminocerite-(CeCa)
38992,Hazenite
38994,Kolitschite
39004,Chegemite
39005,Sardignaite
39006,Oxyvanite
39007,Zigrasite
39022,UM1999-36-SiO:CaCeHMnNaNbSrZr
39025,UM2000-66-SiO:CaClFeHMnNaNbSrZr
39034,UM1970-18-S:As
39037,Unnamed (MSH UK-86)
39038,Chromium-bearing Lawsonite
39041,Orlets
39042,Unnamed (Ag-Pb-Bi Sulphosalt)
39043,Unnamed (Pb-Bi Sulphosalt I)
39044,Unnamed (Pb-Bi Sulphosalt II)
39045,Polydymite-Violarite Series
39046,Greigite-Violarite Series
39047,Siegenite-Violarite Series
39058,Jarosite-Natrojarosite Series
39060,Huntilite
39066,UM2008-43-S:BiTe
39074,UM2004-21-O:CaFeGdZr
39076,UM2004-27-O:GdTi
39078,Plagionite Group
39079,Khoharite
39080,Cobaltite-Gersdorffite Series
39090,Yttromicrolite (of Hogarth)
39146,Blue Chalcedony
39169,Chalcodite
39195,Delawarite
39207,Cobalt-bearing Pyrrhotite
39208,Brontesite
39209,Kumtyubeite
39210,Nyholmite
39211,Liversidgeite
39212,Alumoakermanite
39213,Unnamed (Pb-Fe Chloride Hydroxide Hydrate)
39217,Nickeltalmessite
39218,Heklaite
39220,Metarauchite
39221,Thallium-bearing Murunskite
39231,Niobochevkinite
39238,Potassic-ferri-katophorite
39239,Potassic-ferro-richterite
39240,Ferrikatophorite-Katophorite Series
39241,Plumbopolarite
39244,Spandite
39249,UM2006-27-PO:FeHZn
39250,UKI-2006-(PO:AlCuFeH)
39252,Unnamed (Se-analogue of Pavonite)
39261,Svanbergite-Woodhouseite Series
39262,Unnamed (Bi Selenide)
39263,Unnamed (Ca-Cu Arsenate 2)
39264,Unnamed (Bi Selenite)
39267,Texasite (of Crook)
39270,Unnamed (Mg-analogue of Ferriallanite-(Ce))
39271,Crandallite-Goyazite Series
39272,Sooty Uraninite
39274,Unnamed (Cu-analogue of Fraipontite)
39275,UM2008-37-PO:BaKScZr
39276,UM2008-38-POSiO:HScZr
39279,Unnamed (Cu-Sb Oxide)
39280,UM2008-34-O:BaSiTi
39281,UM2008-35-O:BaTi
39285,Unnamed (Ce member of the Betafite Subgroup)
39286,Corkite-Hinsdalite Series
39287,Cuproneyite
39288,Groatite
39291,Chrome-Chalcedony
39295,Volkhovite
39300,Native Cobalt
39301,Garutiite
39302,Gayite
39304,Noonkanbahite
39306,Cryptophyllite
39308,Shlykovite
39310,Oyamalite
39312,U94 (of Schnorrer)
39322,Unnamed (Cu-Ag-Fe Sulphide)
39324,Adranosite
39325,Dantopaite
39329,Kushiroite
39331,Manitobaite
39332,Balliranoite
39333,Miguelromeroite
39334,Fluorphosphohedyphane
39335,Chibaite
39337,Ferro-fluoro-pedrizite
39338,Unnamed (Lyonsite-like Cu-Fe-Vanadate)
39339,Unnamed (Ag-Pb-Bi Sulphosalt II)
39343,Unnamed (Mn3+-analogue of Ferriakasakaite-(Ce))
39349,Leifite Group
39355,Loxoclase
39368,Unnamed (Ta-Mo intermetallide)
39374,Quartz Gwindel
39378,Roscherite Group
39380,Unnamed (Ag-Hg Halogen Sulphide)
39382,Voltaite Group
39388,Katophorite Root Name Group
39396,Gobelinite
39421,Kornerupine-Prismatine Series
39423,Oxyallanite
39425,Phylloretine
39426,Grossmanite
39433,Betpakdalite Group
39436,Ancylite Group
39438,Aleksandrovite
39439,Sejkoraite-(Y)
39442,Ferri-fluoro-katophorite
39447,Pyrrhotite Group
39448,Stolzite-Wulfenite Series
39449,Magnesioneptunite
39450,Devitoite
39451,Camaraite
39452,Montesite
39454,Unnamed (Bafertisite-like Fe-Ti Silicate)
39469,Plasma
39483,Arisite-(Ce)
39488,Anthophyllite-Gedrite Series
39491,Beudantite-Segnitite Series
39493,Titanite Group
39498,Unnamed (Ag-Au Amalgam)
39500,Phenakite Group
39505,Julgoldite Subgroup
39507,Nickelferroplatinum
39508,Meurigite
39517,Pyrosmalite Group
39528,Ferriallanite-(La)
39534,Lavendulan Group
39535,UM2008-49-SO:FeNa
39537,Unnamed (Mn-Pb Hydroxide)
39538,Rosenbuschite Group
39540,Samarskite Group
39542,Wollastonite Group
39547,Fluoro-leakeite
39548,Strontiofluorite
39549,Arisite-(La)
39550,Polezhaevaite-(Ce)
39551,Domerockite
39552,Yangzhumingite
39553,Huanzalaite
39554,Peatite-(Y)
39555,Ramikite-(Y)
39556,Fluorbritholite-(Y)
39557,Orlovite
39558,Thorneite
39559,Housleyite
39560,Paraershovite
39561,Chihuahuaite
39562,Carbobystrite
39563,Kerimasite
39567,Barioferrite
39568,Cossaite
39569,Vorlanite
39570,Toturite
39572,Jahnsite Group
39573,Unnamed (Ba Thiosulphate Fluoride)
39575,Unnamed (Ba Sulphite)
39576,Unnamed (Ba-Al Trisulphide Hydroxide Hydrate)
39582,Unnamed (Ba Thiosulphate Monohydrate)
39584,Novacekite
39587,Arisite
39589,Lindackerite Group
39590,Wakefieldite
39598,Tobermorite Group
39599,Fornacite-Vauquelinite Series
39603,Strontiohilgardite
39605,Unnamed (NH4-Al Fluoride)
39606,Unnamed (K-Al Fluoride)
39609,Stangersite
39610,Unnamed (Cd-Ge Sulphide)
39611,Unnamed (Ge-As Sulphide)
39613,Unnamed (Orthorhombic dimorph of Barstowite)
39614,Chevkinite Group
39616,Berborite-2H
39617,Berborite-1T
39618,Berborite-2T
39619,Epsomite Group
39621,Tyrolite-1M
39622,Tyrolite-2M
39624,Calcistrontite
39626,Clear Lake Diamond
39630,UM2006-34-N:Ga
39631,Kerite
39634,Momoiite
39635,Ferro-ferri-obertiite
39637,Litochlebite
39638,Auriacusite
39639,Galliskiite
39640,Manganoeudialyte
39643,UM2009-11-PO:CaHZr
39645,Daliranite
39649,Caichengyunite
39652,Ivanyukite-Na-T
39653,Ivanyukite-Na-C
39654,Pyrrhotite-5C
39656,Fluor-buergerite-Dravite Series
39658,Unnamed (OH-analogue of Topaz)
39660,Gelosaite
39661,Dissakisite
39666,Ammoniomagnesiovoltaite
39667,Ellingsenite
39669,Hogarthite
39670,Telluroperite
39671,Markcooperite
39672,Luinaite-(OH)
39673,Kapundaite
39675,Cyanotrichite Group
39678,Chromium-bearing Allanite-(Ce)
39682,Edwardsite
39683,Demicheleite-(I)
39691,Nickel-bearing Calcite
39692,Lithium Tosudite
39693,Magnesium Tosudite
39694,Aluminum Tosudite
39696,Symplesite Group
39697,Unnamed (Co-analogue of Guarinoite)
39698,Unnamed (Ca-analogue of Humite)
39699,Napalite
39702,Pyrophyllite-Talc Group
39706,Fluor-elbaite
39711,Fivegite
39713,Oxyphlogopite
39715,Kobokoboite
39718,UM1971-22-SiO:CaClFeHMgMnNaNbZr
39721,UM1998-21-SiO:CaCeClHMnNaZr
39724,Strontium-bearing Fluorite
39725,Unnamed (HBU UK-6)
39732,Scorodite-Strengite Series
39735,Rinkite Group
39736,Duftite-Mottramite Series
39737,Kintoreite-Segnitite Series
39738,Chromium-bearing Titanite
39739,Ga-rich plumbogummite
39742,Corkite-Kintoreite Series
39743,UM2009-//-CN:FeHKZn
39749,Unnamed (NH4 Thiosulphate)
39751,Unnamed (Cd-Ca-Fluoro-Sulphide(?))
39752,Unnamed (Cd-Sn Sulphate)
39758,Dalnegroite
39760,Amphibole Asbestos
39761,Christensenite
39763,Guidottiite
39764,Townendite
39765,Georgerobinsonite
39766,Fluornatrocoulsellite
39767,Pseudoleucite
39770,Triplite Group
39771,Lithian Saponite
39772,Unnamed (Al-Th Oxide)
39780,Wolframite Group
39785,Eurekadumpite
39787,Depmeierite
39789,Ambrinoite
39790,Askagenite-(Nd)
39796,Libyan Desert Glass
39800,Australite
39801,Chinite
39802,Bediasite
39803,Georgiaite
39804,Ivorite
39805,Hallimondite-Parsonsite Series
39819,Alunite Group
39820,UM1974-08-S:AgCuTe
39834,Ottoite
39836,Timroseite
39838,Paratimroseite
39845,Rruffite
39848,Tobermorite-11Å
39851,Unnamed (Hg(I) Sulphate)
39852,Unnamed (Hg(II) Sulphate)
39855,Cornwallite-Pseudomalachite Series
39863,Arsenoflorencite
39865,Youngite
39868,Agricolaite
39870,Nisnite
39874,Campbellite
39877,Kircherite
39878,Ferri-fluoro-leakeite
39882,Capranicaite
39883,Iangreyite
39885,Chlorapatite-M
39891,Chromo-alumino-povondraite
39892,Fluor-dravite
39893,Megawite
39913,Chromium-bearing Magnesio-arfvedsonite
39914,Unnamed (Pd-Sb-Sn Alloy)
39915,Françoisite
39916,Hingganite
39917,Cebaite
39918,Fluorbritholite
39919,UM1976-05-BO:HMgNaSU
39920,UM1976-06-BO:HMgNaSU
39921,UM1976-07-BO:HMgNaSU
39922,Unnamed (Bi Telluride Sulphide III)
39924,Atacamite Group
39927,Wicksite Group
39938,Rotgültigerz
39939,Cerite Group
39946,Bikolite
39947,Padparadscha
39952,Wehrlite (of von Kobell)
39955,Sulfur Dioxide Ice
39961,Apatized Wood
39963,Thermessaite-(NH4)
39964,Magnesium-bearing Grossular
39965,Nickel-bearing Lizardite
39967,UM2007-23-S:BiPbTe
39968,UM2007-24-S:BiPbTe
39969,UM2007-25-S:BiPbTe
39970,Chovanite
39973,Lecoqite-(Y)
39980,Erdmannite (of Berlin)
39982,Erdmannite (of Engström and Des Cloizeaux & Damour)
39983,Högbomite Group
39985,Taaffeite Group
39990,Clinosulphur
40001,Aluminocoquimbite
40003,Eringaite
40012,Chabazite-Mg
40018,Unnamed (NH4-Al Sulphate-Tetrahydrate)
40019,Unnamed (Naphthalene)
40023,Bitikleite
40024,Usturite
40039,Unnamed (Hydrous Yttrium Silicate)
40045,Tancaite-(Ce)
40048,Beaverite-(Zn)
40051,Volaschioite
40055,Elbrusite
40070,Ignicolorite
40071,Kirchhoffite
40074,Ovchinnikovite
40075,Unnamed (Zinc-Ammine Chloride)
40076,Chlorozincite
40077,Torbakovite
40078,Mesohydride
40079,Superferrite
40080,Oxiferberite
40082,Unnamed (Mg Sulphate)
40083,Unnamed (High-temperature polymorph of CaSO4)
40084,Terriconite
40086,Rukavishnikovite
40087,Rhythmite
40088,Leucorhönite
40089,Aenigmatite Group
40092,Malakhovite
40094,Magnesio-fluoro-hornblende
40095,Unnamed (Ca Chloride)
40096,Unnamed (Fe Chloride Hydrate I)
40097,Unnamed (Fe Chloride Hydrate II)
40098,Unnamed (NH4-Mg Sulphate Hydrate)
40099,Unnamed (Cubic Lead Oxide)
40100,Magnesiowüstite
40102,Chlorocuspidine
40103,UM1998://:IOCrO-CaClKTi
40107,Unnamed (Bi Telluride Sulphide II)
40108,Unnamed (Bi Sulphide)
40109,Aquasidite
40110,Chlorosiderite
40112,Prasiolite
40114,Ferrosalite
40119,Plumasite
40120,Braunstein
40121,Irnimite
40127,Caldecahydrite
40128,Steklite
40129,Demidovskite
40135,Hermannroseite
40139,UM1995-17-O:CaHTiUY
40140,Coralloite
40142,Cuprokalininite
40144,Natropharmacoalumite
40146,Greenwoodite
40148,Naquite
40150,Linzhiite
40152,Hydroniumpharmacosiderite
40154,Mendeleevite-(Ce)
40156,Fluorotetraferriphlogopite
40167,Helvine Group
40169,Fassinaite
40179,Fluorocronite
40182,Fluorite Group
40188,Strontium-bearing Baryte
40196,Snottite
40197,Unnamed (Cu-Zn Arsenate-Sulphate)
40204,Unnamed (La-analogue of Daqingshanite-(Ce))
40208,Brownmillerite-Srebrodolskite Series
40212,Unnamed (Pb-Cu Sulphide)
40216,Rubidium-bearing Muscovite
40218,Pyropissite
40219,Arsenogorceixite-Arsenogoyazite Series
40223,UM1983-12-S:CuFe
40224,Unnamed (Pb-Sb Alloy)
40225,Cobalt-bearing Löllingite
40228,Cuprorhodsite-Malanite Series
40230,Armalcolite-Pseudobrookite Series
40233,Caporcianite
40234,Gorceixite-Goyazite Series
40235,Columbite-(Mn)-Tantalite-(Mn) Series
40240,UM1995-CO-CaHREEEU
40241,UM1995-//-CO:PbU
40242,Afmite
40244,Suttroper Quarz
40246,Chlorargyrite Group
40256,Uranium-bearing Zircon
40267,Cranswickite
40270,Tashelgite
40272,Laurentianite
40274,Hydroxylchondrodite
40276,Barlowite
40277,Argandite
40279,Fontarnauite
40281,Vanadium-bearing Muscovite
40282,Ferropseudobrookite
40283,Bariopharmacoalumite
40285,Sveinbergeite
40287,Eliseevite
40289,Parasterryite
40290,Rickturnerite
40293,Schullerite
40295,Carlgieseckeite-(Nd)
40297,Rhodonite Group
40309,Hinsdalite-Plumbogummite Series
40332,Titanium-bearing Aegirine
40335,Platosmiridium
40337,Fluornatropyrochlore
40339,Oxynatropyrochlore
40340,Hydroxycalciopyrochlore
40341,Fluorcalciopyrochlore
40342,Oxycalciopyrochlore
40343,Fluorstrontiopyrochlore
40344,Oxyplumbopyrochlore
40345,Kenoplumbopyrochlore
40346,Oxyyttropyrochlore-(Y)
40347,Fluorkenopyrochlore
40348,Zero valent dominant member of Pyrochlore Group
40349,Calciopyrochlore
40350,Natropyrochlore
40351,Plumbopyrochlore (of Atencio et al.)
40352,Oxycalciobetafite
40353,Oxyuranobetafite
40354,Fluorcalciomicrolite
40355,Oxycalciomicrolite
40356,Oxystannomicrolite
40357,Kenoplumbomicrolite
40358,Oxystibiomicrolite
40359,Hydromicrolite
40360,Hydroxykenomicrolite
40361,Hydrokenomicrolite
40362,Zero valent dominant member of the Microlite Group
40363,Calciomicrolite
40365,Fluornatroroméite
40367,Fluorcalcioromeite
40368,Oxycalcioromeite
40370,Partzite
40371,Elsmoreite Group
40372,Titan-uranoan Oxycalciopyrochlore
40373,Titan-uranoan Fluorcalciomicrolite
40374,Beryl Group
40375,Pascoite Group
40381,Strontium-bearing Potassic-richterite
40391,Charcoal
40396,Pseudoapatite
40398,Aldridgeite
40405,Pycnochlorite
40407,Ferroamesite
40408,UM2008-32-GeO:AlFSi
40409,Chromium-bearing Kennedyite
40410,Teremkovite
40412,Titanium-bearing Andradite
40413,Perelivt
40416,Bismuth Fahlore
40418,Unnamed (Cu Selenide)
40419,Bismuth- and Palladium-bearing Melonite
40420,Manganese-bearing Jamesonite
40422,Unnamed (Cu-Pb-Bi Sulphosalt)
40425,Uranium Mica
40435,Whiteite-(CaMnMn)
40439,Pyrrhotite-4C
40447,Rakovanite
40448,Qingtian Stone
40449,Cadmium-bearing Freibergite
40455,Nioboaeschynite
40456,Unnamed (Ruthenium Oxide)
40459,Zhamanshinite
40460,Irghizite
40461,Pearceite-Polybasite Group
40463,Strickblende
40465,Oxy-schorl
40466,Unnamed (Fe-Sn Oxide)
40468,Krotite
40471,Yttriaite-(Y)
40473,Rémondite
40481,Canaanite
40482,Shocked Quartz
40486,Dushan Jade
40487,Jiulongbi Jade
40489,Gaoshan Stone
40494,Cattle Egg Stone
40495,Tianhuang Stone
40497,Xiuyan Jade
40498,Hetian Jade
40499,Carbonate-fluorhydroxyapatite
40500,Kunlun Jade
40502,Black Nephrite Jade
40505,Meiling Jade
40509,Tremolite Jade
40510,White Jade
40511,Manasi Jade
40513,Cr-rich Picroilmenite
40515,Plumboselite
40517,Boussingaultite-Mohrite Series
40525,Paradoxite
40535,Nordgauite
40538,Unnamed (Pb-Cu Chloride-Hydroxide)
40551,Wassonite
40557,Cu-Zn alloy
40559,Metanocerin
40560,Yancowinnaite
40562,Bohseite
40563,Bavenite-Bohseite Series
40566,Ferroericssonite
40567,Clinometaborite
40571,Pseudolyonsite
40582,Birunite
40583,Unnamed (Pb-analogue of Fluor-liddicoatite)
40589,UM2001-03-C:MoS
40590,Ge-Sn-Sulvanite
40630,Potassic-eckermannite
40642,Ferrimuscovite
40647,Icosahedrite
40661,Wilsonite
40683,Bleischweif
40686,Snakeskin Agate
40773,UM2007-01-As:CuPd
40774,UM2007-02-As:NiPd
40775,UM1983-03-As:NiRh
40776,UM2007-03-As:NiRh
40777,UM2007-04-As:Pd
40778,UM2007-05-As:PdTe
40779,UM2007-06-As:Rh
40780,UM2007-16-N:Ti
40781,UM2007-21-S:AsIrRh
40782,UM2007-22-S:AsRu
40783,UM2007-26-S:CuFeIrNiPtRh
40784,UM2007-27-S:CuFeIrNiRh
40785,UM2002-26-S:FeNi
40786,UM1975-14-S:CuFeNi
40788,UM2007-28-S:CuFeIrNi
40789,UM2007-29-S:CuFeIrNi
40790,UM2007-30-S:Fe
40791,UM2007-31-S:Ti
40792,UM2007-33-Se:CuRhS
40793,UM2007-42-Te:AsPd
40794,UM2007-43-Te:Pd
40818,UM2003-17-S:AgTe
40841,Lantian Jade
40960,Hydroxylbastnäsite
41073,Behounekite
41098,Unnamed (Rh-analogue of Michenerite)
41099,Carlosbarbosaite
41101,Steedeite
41103,Tarbagataite
41105,Markascherite
41122,Strontiopharmacosiderite
41130,Langbanshyttanite
41131,Rongibbsite
41133,Veblenite
41135,Hylbrownite
41137,Panguite
41139,Ferrisepiolite
41142,Hezuolinite
41144,Dzhuluite
41146,Pavlovskyite
41151,Mejillonesite
41153,Arsenohopeite
41155,Vladimirivanovite
41169,Cordylite-(La)
41179,Rusinovite
41187,Native Phosphorus
41188,Wagnerite-Ma5bc
41213,Unnamed (Re-Pb-Bi Sulphide)
41223,UM1980-16-Te:Bi
41224,UM1991-//-Te:Bi
41225,Unnamed (Bi Telluride II)
41228,Unnamed (Bi Telluride III)
41250,Unnamed (Pb Arsenite Chloride)
41290,Shulamitite
41291,Unnamed (Ca-Ti-Fe-Al Oxide II)
41295,Vudyavrite
41296,Fluor-liddicoatite
41567,Roméite
41568,Palygorskite Group
41574,Windhoekite
41586,Columbite Group
41590,Lomonosovite Group
41591,UM2011-11-S:AgCuTe[2]
41592,UM2011-10-S:AgCuTe[1]
41602,Lucabindiite
41603,Menchettiite
41604,Manganoquadratite
41605,Kazanskyite
41651,Chromium-bearing Pyrope
41689,Hami Green Jade
41691,Black Jade
41704,Lavender Jade
41710,Serpentine Jade
41716,Purple Jade
41729,Roscoelite-2M1
41771,Gunterblassite
41772,Hielscherite
41775,Melanosiderite
41777,Mckelveyite-(Y)-2M
41778,Galuskinite
41780,Pseudothuringite
41785,Unnamed (F analogue of feruvite)
41842,Chesterlite
41858,Native Ytterbium
41874,Iridian Gold
41897,Ernstburkeite
41898,Irinarassite
41901,Eldragonite
41903,Jacutingaite
41905,Ferrotochilinite
41907,Chukhrovite-(Ca)
41909,Angarfite
41944,Betpakdalite-CaMg
41945,Betpakdalite-NaNa
41946,Mendozavilite-NaCu
41947,Mendozavilite-KCa
41948,Obradovicite-NaCu
41949,Obradovicite-NaNa
41951,Krasheninnikovite
41953,Cupromolybdite
41955,Lileyite
41957,Boscardinite
41958,Oscarkempffite
41959,Chromschieffelinite
41969,Shimazakiite
41970,Chromio-pargasite
41971,UM2010-03-PO:BaMgNa
41999,Potassic-ferro-taramite
42028,Phosphoferrite Group
42031,Moor's head tourmaline
42032,Metatorbernite-Metazeunerite Series
42035,Strontium Perrierite
42038,Blödite Group
42043,Vladkrivovichevite
42055,Neolite
42060,Unnamed (Al-Cu-Fe Alloy)
42061,Zirfesite
42066,Mercuroan Bromargyrite
42067,Jolotcaite
42068,Liebenerite
42094,Potassic-fluoro-pargasite
42126,UM1989-29-Se:Te
42129,Leviglianite
42133,Iris Quartz
42179,Platinum-bearing Gold
42213,Yiyangite
42215,Unnamed (Bi Chromate Oxide)
42216,Unnamed (Au-Hg Amalgam)
42220,Djerfisherite Group
42222,Unnamed (Pb Hydrogen Arsenite Chloride)
42223,Iscorite
42229,Davidlloydite
42231,Ianbruceite
42233,Reynoldsite
42240,Bassoite
42242,Vladykinite
42244,Aklimaite
42265,Aeschynite Group
42268,Postite
42331,Unnamed (Ag Telluride Sulphide)
42336,Vitriol
42340,Wurtzite-2H
42341,Wurtzite-4H
42349,Anorpiment
42350,Atelisite-(Y)
42352,Perboeite-(Ce)
42356,Aspedamite
42360,Radentheinite
42362,Karenwebberite
42365,Chalcophanite Group
42367,Kobyashevite
42369,Argesite
42371,Buseckite
42373,Krasnoite
42376,Umbrianite
42378,Fengchengite
42381,Paseroite
42383,Calciolangbeinite
42401,UM2000-64-SiO:BFeHKMg
42408,Witzkeite
42410,Hilarionite
42414,Leuco garnet
42432,Hizenite-(Y)
42434,Hughesite
42440,Gunterite
42442,Unnamed (Zn-analogue of Ktenasite)
42445,Lamprophyllite Group
42447,Murchisite
42452,Natrotitanite
42458,Adolfpateraite
42460,Unnamed (Na-Ca-Fe-Silicate-Hydrate)
42461,Unnamed (Sazhinite-related mineral I)
42462,Unnamed (Sazhinite-related mineral II)
42463,Falsterite
42477,Selenkupferblei
42483,Unnamed (Ca Arsenate Hydrate)
42487,Pyrorthite
42488,Ferriallanite
42491,Edgrewite
42493,Pterolite
42495,Florencite-(Sm)
42507,Yttroepidote
42512,U153 (of Schnorrer)
42517,Unnamed (Fe2+-analogue of Lileyite)
42520,Menzerite-(Y)
42522,Zaccagnaite-3R
42525,Alcaparrosaite
42527,Bastnäsite Group
42532,Rhabdophane-(Y)
42534,Kottenheimite
42541,Ratovkite
42543,Woodwardite Group
42575,Unnamed (Ba-Mn Carbonate)
42614,Banalsite-Stronalsite Series
42618,Unnamed (Cordylite-like Calcium-Barium-Cerium Carbonate-Fluoride)
42634,UM1997-35-O:HPbU
42635,Heisenbergite
42672,Hedyphane Group
42673,Ellestadite Group
42674,Pearl
42678,Cu-djerfisherite
42683,Unnamed (Mg Sulphite-Hydrate)
42685,Unnamed (Ca Sulphide-Thiosulphate-Hydroxide-Hydrate)
42686,Unnamed (Pb Oxysulphate)
42687,Unnamed (Ca-Zn Hydroxide-Hydrate)
42689,Unnamed (Fe-Si-Ti Alloy)
42691,Unnamed (Na-Mg-Mn Oxide)
42698,Takanawaite-(Y)
42701,Magnesiorowlandite-(Y)
42711,Aragonite Satin Spar
42718,Ivory
42722,Aubertite Group
42723,Rumseyite
42724,Tangdanite
42725,Oxy-chromium-dravite
42726,Debattistiite
42727,Nashite
42728,Foretite
42729,Phosphovanadylite-Ca
42730,Saltonseaite
42731,Luanshiweiite
42732,Putnisite
42733,Christofschaferite-(Ce)
42734,Lusernaite-(Y)
42737,Tubulite
42738,Fuettererite
42739,Fluorchegemite
42740,Hydroxyledgrewite
42744,Vanackerite
42745,Agaite
42746,Lahnsteinite
42747,Yaroshevskite
42748,Hydroxymanganopyrochlore
42749,Stepite
42750,Babanekite
42751,Browneite
42752,Cayalsite-(Y)
42755,Joanneumite
42756,Lavoisierite
42757,Zavaliaite
42782,Cerchiaraite-(Al)
42784,Cerchiaraite-(Fe)
42786,Tellurocanfieldite
42788,Schluterite-(Y)
42790,Fluorowardite
42792,Raberite
42794,Oolitic Opal
42796,Jakobssonite
42800,Sarrabusite
42801,Telluromandarinoite
42804,Terrywallaceite
42806,Tazzoliite
42808,Kovalenkoite
42815,Davinciite
42818,Eltyubyuite
42821,Ferrotaaffeite-2N2S
42825,Hereroite
42829,Ferri-kaersutite
42835,Miyahisaite
42837,Kasatkinite
42840,Protochabourneite
42842,Mariinskite
42844,Leonardsenite
42846,Dansite-(Mn)
42848,Dansite-(Fe)
42850,Ferrovalleriite
42852,Vigrishinite
42857,Disulfodadsonite
42860,Lavinskyite
42861,Scottyite
42862,Hillesheimite
42864,Ekplexite
42866,Laptevite-(Ce)
42870,Stannoan Grossular
42872,Starovaite
42874,Zaccariniite
42876,Piemontite-(Pb)
42879,Kangite
42881,Wopmayite
42884,Iseite
42887,Andradite-Uvarovite Series
42905,Merumite
42907,Hydroxycalciomicrolite
42908,Pyrope-Spessartine Series
42914,Unnamed (Pb-Fe-As-Cl-O-H)
42915,Maw Sit Sit
42926,Common Glass
42931,Lizardite-1T
42932,Britholite-(La)
42938,Unnamed (Cu-S-Si-O-H)
42944,Unnamed (Na-Ca Silicate)
42947,UM1995-36-SOSiO:AlHPb
42951,Talnakhite Group
42996,Guixite
42998,Hydrocornubite
43027,Molybdenoker
43032,Silver-bearing Xilingolite
43038,Silver-bearing Ustarasite
43085,Hanjiangite
43089,Unnamed (Ag-Cu-Pb Sulphide)
43144,Unnamed (Cu-Hg Selenide)
43146,Unnamed (Au Telluride)
43174,Unnamed (Ag-Cu-Fe Sulphide)
43175,Unnamed (Cu-Au-Fe Sulphide)
43185,Tornroosite
43196,Girasol
43221,Whitecapsite
43223,Chromium-bearing Iowaite
43227,Igalikite
43229,Unnamed (Ag-Au Amalgam II)
43238,Mutzschen Diamonds
43239,Cobalt-rich Melonite
43241,UM1997-//-SiO:AlCaH
43242,UM1997-//-SiO:CaHThU
43243,UM1997-//-SiO:CaREE
43244,UM1997-//-SiO:AlCaHNa[2]
43245,UM1997-//-SiO:AlCaHNa[1]
43246,UM1997-//-O:CaNbREEThTiU
43255,Voudourisite
43257,Lazaridisite
43259,UM1993-25-Te:AgAu
43263,UM1993-29-TeO:AuPb
43267,UM1993-30-TeO:AuPb
43270,Rauchite
43272,Dymkovite
43276,Nano-Polycrystalline Diamond
43284,Omsite
43286,Cualstibite-1T
43289,Zincalstibite-9R
43293,Trebeurdenite
43296,Hydrocalumite Group
43298,Mossbauerite
43313,Mendozavilite Group
43314,Mimetite-Vanadinite Series
43316,Sideronatrite-2O
43317,Sideronatrite-2M
43318,Unnamed (Pb Hydroxide Nitrate Chloride)
43321,Ferhodsite
43323,Erikapohlite
43325,Galloplumbogummite
43328,Billwiseite
43330,Magnesiohogbomite-2N4S
43332,Arangasite
43334,Bobmeyerite
43338,Trinepheline
43340,Darrellhenryite
43343,Manganoblodite
43345,Calciodelrioite
43348,Euxenite-Polycrase Series
43349,Minohlite
43351,Cadmoxite
43353,Fluor-tsilaisite
43355,Vanadio-oxy-chromium-dravite
43357,Strontiohurlbutite
43359,Carlfrancisite
43366,Colinowensite
43367,Naegite
43370,Zincowoodwardite-1T
43378,Magnesio-ferri-hornblende
43379,Ferro-ferri-hornblende
43384,Edenite-Pargasite Root Name Series
43388,Mangano-actinolite
43389,Papikeite Root Name Group
43390,Papikeite
43393,Magnesio-ferri-fluoro-hornblende
43395,Unnamed (K-Mg Phosphate Hydrate)
43400,Colour-change diaspore
43402,Magnesiotaaffeite
43404,UM1958-05-AsO:HU
43407,Unnamed (Pb-Cu Oxide)
43412,Native Boron
43414,Ferri-fluoro-tschermakite
43418,Tschermakite Root Name Group
43420,Ferro-fluoro-edenite
43422,Rhodic Ferroplatinum
43426,Nickel-bearing Gold
43427,Calcium-bearing Elpidite
43429,Pargasite Root Name Group
43435,Star muscovite
43439,Trapiche emerald
43441,Trapiche ruby
43443,Ferri-sadanagaite
43444,Ferro-sadanagaite
43445,Ferronigerite
43450,Potassic-chloro-sadanagaite
43451,Potassic-ferro-chloro-sadanagaite
43452,Potassic-ferri-sadanagaite
43453,Unnamed (Pb-Al Hydroxide-Chloride)
43454,Unnamed (Tetragonal Dimorph of Nadorite)
43455,Unnamed (Pb-Fe-Cl-S(?)-O-H Phase)
43456,Unnamed (Ba-Ca Carbonate)
43457,Unnamed (Ba-Sb Silicate-Sulphate-Hydroxide-Hydrate)
43458,Unnamed (Dimorph of Devilline)
43459,Unnamed (Ba-K-Fe Sulphide)
43465,Winchite (of Leake)
43466,Fluoro-winchite
43468,Trapiche Quartz
43472,Simetite
43484,Potassic-ferri-taramite
43485,Sodium-Calcium Amphibole Subgroup
43487,Fluoro-riebeckite
43488,Magnesio-fluoro-riebeckite
43490,Unnamed (Cu-Sb Oxide-Chloride)
43493,Chrommagnetite
43494,Ferrichromite
43495,Chromite-Magnetite Series
43496,Fluoro-arfvedsonite
43498,Ferri-fluoro-nybøite
43504,Leakeite
43506,Ferro-fluoro-leakeite
43507,Leakeite Root Name Group
43510,Agatized coral
43516,Ferro-ferri-holmquistite
43521,Aluminopyracmonite
43523,Vorhauserite
43540,Whiteite-(MnMnMg)
43541,Jahnsite-(MnMnMg)
43544,Andean Opal
43545,Gem Silica
43551,Hollandite Supergroup
43553,Priderite Group
43556,Silicate-titanite
43558,Ferrihollandite
43560,Buergerite
43562,Fluor-uvite
43563,Vanadio-oxy-dravite
43568,Ferrochiavennite
43569,Markhininite
43570,Harmunite
43571,Chlorkyuygenite
43572,Grigorievite
43573,Hatertite
43574,Beshtauite
43575,Yangite
43576,Nickelpicromerite
43577,Alnaperboeite-(Ce)
43578,Barikaite
43579,Rossiantonite
43580,Nabimusaite
43581,Jasrouxite
43582,Cobaltoblodite
43583,Bairdite
43584,Schindlerite
43585,Wernerbaurite
43586,Leydetite
43587,Linekite
43588,Nioboholtite
43589,Titanoholtite
43590,Szklaryite
43591,Murashkoite
43592,Ghiaraite
43593,Nizamoffite
43594,Ferdowsiite
43595,Vysokyite
43596,Alburnite
43597,Paradsasvarite
43598,Kudryavtsevaite
43599,Majindeite
43600,Fabriesite
43601,Kihlmanite-(Ce)
43602,Erzwiesite
43603,Lopatkaite
43604,Vanadium
43607,Iron Group
43608,Dumortierite Supergroup
43669,Correianevesite
43670,Reddingite Group
43672,Fluorplumbopyrochlore
43673,Hydroxyplumbopyrochlore
43676,Mimetite-2M
43680,Rathite-IV
43687,Unnamed (Pb-Cu-Bi Selenide)
43696,Unnamed (Pb Oxide Chloride)
43698,Argentonuffieldite
43699,Cupromatildite
43703,Caswellite
43705,Unnamed (F-analogue of Luinaite-(OH))
43714,Ikunolite-Laitakarite Series
43725,Float-stone
43731,Unnamed (Ca-Ba Carbonate)
43733,Ferroaugite
43736,Roepperite (of Brush)
43745,Mésotype
43753,Camaronesite
43755,Kaolinite Subgroup
43756,Mountain Paper
43757,Brittle Mica Group
43777,Iwateite
43780,Adachiite
43792,Qingsongite
43796,Peterandresenite
43802,Cairncrossite
43803,UM2007-39-SiO:ClFHMgREE
43811,UM2007-40-SiO:FMgREE
43815,UM2007-36-SiO:AlCaFFeMgREE
43822,Quintinite-1M
43829,Nickel-bearing Copper
43831,Zinc-bearing Copper
43837,Elatolite
43838,Friedel's Salt
43843,Kenocalcioroméite
43845,Ophirite
43850,Eckhardite
43851,Clino-oscarkempffite
43852,Arsenquatrandorite
43853,Oskarssonite
43854,Vendidaite
43855,Pauloabibite
43856,Joteite
43857,Koksharovite
43860,Barrotite
43861,Hydroniumpharmacoalumite
43862,Vanadoallanite-(La)
43863,Nicksobolevite
43864,Baliczunicite
43865,Cesarferreiraite
43866,Laachite
43868,Raygrantite
43869,Sanguite
43870,Deveroite-(Ce)
43871,Anzaite-(Ce)
43872,Kolskyite
43873,Carducciite
43874,Chrysothallite
43875,Engelhauptite
43876,Mapiquiroite
43877,Leverettite
43878,Paratacamite-(Mg)
43879,Ferroindialite
43880,Nuwaite
43881,Diegogattaite
43882,Paratacamite-(Ni)
43883,Fluormayenite
43884,Almeidaite
43885,Minjiangite
43886,Ericlaxmanite
43887,Yeomanite
43888,Kaskasite
43889,Manganokaskasite
43890,Tissintite
43891,Ahrensite
43892,Hutcheonite
43893,Zadovite
43894,Gurimite
43895,Yurmarinite
43897,Wulffite
43899,Parawulffite
43901,Kaliochalcite
43903,Innsbruckite
43905,Meisserite
43907,Karpovite
43909,Evdokimovite
43911,Oxyplumboromeite
43913,Fluorkyuygenite
43915,Falottaite
43917,Byrudite
43918,Mathesiusite
43920,Aradite
43922,Hlousekite
43924,Magnesiokoritnigite
43926,Therasiaite
43928,Leguernite
43931,Paqueite
43933,Burnettite
43935,Arsiccioite
43937,Popovite
43939,Meerschautite
43941,Oxynatromicrolite
43943,Emmerichite
43945,Chanabayaite
43955,Kozyrevskite
43979,Coquimbite Group
44001,Iridescent Hematite
44003,Philrothite
44007,Imayoshiite
44010,Schizolite
44024,Unnamed (Fe2+-analogue of Brandtite)
44025,Unnamed (Fe2+-analogue of Parabrandtite)
44045,Coal blend
44112,Unnamed (Au-Ag-Sb Sulphide)
44119,Tin-bearing Ludwigite
44139,Philipsbornite-Plumbogummite Series
44140,Unnamed (Ba-Fe Vanadate)
44145,Unnamed (Cu Antimonide)
44163,Selenium-bearing Kobellite
44167,Nickeltsumcorite
44183,Barium-bearing magnetoplumbite
44306,Gagarinite
44312,Kuratite
44344,Unnamed (Ca-Fe-V Oxide)
44420,Unnamed (OH-analogue of Mimetite)
44421,Na-metaschoepite
45345,Canutite
45528,Yttriumapatite
45840,Unnamed (Na-V Oxide)
45841,Unnamed (Ni Vanadate)
45842,Unnamed (Pb Diarsenite-Chloride-Hydrate)
45843,Unnamed (Pb-Cu Arsenite-Chloride)
45844,Unnamed (Na-Pb Carbonate-Hydroxide II)
45870,Serpentinasbest
45881,Bluelizardite
45884,Kenomagnetite
45888,Native Magnesium
45891,Cummingtonite (of Dewey)
45898,Liebermannite
45900,Bridgmanite
45904,Gray copper ore
45905,UM2004-31-S:AgAuCuTe
45907,Favreauite
45926,Unnamed (Cu-Sb Sulphate)
45927,Cerussite-Strontianite Series
45931,Sabieite-2H
45932,Sabieite-3R
45933,UM1991-09-OH:AlCr
45934,Fensterquarz
45939,Parascandolaite
45941,Vapnikite
45943,Nestolaite
45949,Zvyaginite
45951,Grandaite
45953,Agakhanovite-(Y)
45955,Acmonidesite
45960,Belakovskiite
45962,Gratianite
45964,Tondiite
45966,Shchurovskyite
45968,Dmisokolovite
45970,Balestraite
45972,Calcinaksite
45974,Saamite
45977,Misakiite
45980,Iyoite
45983,Ferriakasakaite-(La)
45986,Ferriandrosite-(La)
45988,Segerstromite
45989,Steinhardtite
45990,Ferrivauxite
45992,Moraskoite
45994,Itsiite
45996,Campostriniite
45998,Ichnusaite
46000,Nuragheite
46003,Gatedalite
46006,Braccoite
46008,Caesiumpharmacosiderite
46010,Okruschite
46012,Mambertiite
46014,Kokinosite
46017,Unnamed (Leogangite-related mineral)
46018,Unnamed (Ca Arsenate Hydrate II)
46019,Oxo-magnesio-hastingsite
46033,Centennialite
46037,Fluorlamprophyllite
46039,Achalaite
46041,Negevite
46043,Halamishite
46045,Transjordanite
46047,Zuktamrurite
46049,Waimirite-(Y)
46052,Jahnsite-(CaFeMg)
46055,Torrecillasite
46057,Backite
46059,Kitagohaite
46061,Lukkulaisvaaraite
46063,Kononovite
46065,Natropalermoite
46067,Ishiharaite
46069,Mojaveite
46071,Bluebellite
46073,Flamite
46075,Maruyamaite
46077,Pilawite-(Y)
46079,Warkite
46081,Kojonenite
46083,Bernarlottiite
46085,Thalliumpharmacosiderite
46089,Tiffany stone
46090,Pyrrhotite-6C
46093,Bonazziite
46095,Ivsite
46097,Petersite-(Ce)
46099,Pieczkaite
46101,Geschieberite
46104,Phosphuranylite Group
46105,Mendigite
46107,Wernerkrauseite
46109,Flinteite
46111,Mellizinkalite
46113,Romanorlovite
46115,Spaltiite
46117,Jahnsite-(MnMnFe)
46123,Potassic-ferro-ferri-taramite
46127,Webskyite
46135,Zincomenite
46137,Pharmazincite
46139,Shilovite
46141,Chubarovite
46143,Mieite-(Y)
46145,Plasilite
46147,Yusupovite
46149,Bosoite
46151,Tapiaite
46153,Katiarsite
46155,Bavsiite
46157,Znamenskyite
46159,Keutschite
46162,Antipinite
46164,Adrianite
46165,Cortesognoite
46167,Bobcookite
46169,Vanarsite
46172,Dzierzanowskite
46174,Khesinite
46176,Genplesite
46178,Lavinskyite-1M
46180,Kenotobermorite
46183,Amesite-2H1
46186,Humite Subgroup
46189,Annite-Phlogopite Series
46190,Siderophyllite-Polylithionite Series
46192,Diopside-Kosmochlor Series
46193,Unnamed (Sb-analogue of Watanabeite)
46195,Bunnoite
46198,β-Iridisite
46213,Dough tin
46216,Mercury-bearing Sphalerite
46220,Allanite Group
46226,Ferribushmakinite
46227,Bluestreakite
46228,Packratite
46229,Tewite
46234,Epidote Group
46245,Androsite-(Ce)
46246,Ferriandrosite-(Ce)
46247,Lead-bearing Ferdowsiite
46248,Bariopharmacosiderite-C
46249,Bariopharmacosiderite-Q
46256,Argentotetrahedrite-(Fe)
46274,Chromoamesite
46278,Selenium-bearing Famatinite
46366,Lithian Magnesite
46374,Lithiomagnesite
46394,Chiappinoite-(Y)
46405,Cronstedtite-1T
46407,Cluthalite
46414,Ferri-obertiite
46415,Bulgakite
46417,Barrydawsonite-(Y)
46421,Wetherillite
46423,Coldwellite
46425,Raisaite
46427,Melanarsite
46429,Andreadiniite
46432,Khvorovite
46434,Bobshannonite
46437,Rossovskyite
46438,Shuvalovite
46440,Cryobostryxite
46442,Bussyite-(Y)
46446,Obertiite Root Name Group
46455,Hydrophlogopite
46462,Trigodomeykite
46472,Metaxite
46473,Wurtzite-10H
46476,Cu-rich lyonsite
46480,Chegemite–Fluorchegemite
46481,UM1983-23-SiO:BaFeHMnTi
46488,Meierite
46490,Abuite
46492,Erazoite
46494,Ziminaite
46496,Eckerite
46498,Flurlite
46500,Tululite
46502,Esquireite
46504,Carlsonite
46506,Fermiite
46508,Hedegaardite
46510,Dyrnaesite-(La)
46512,Mianningite
46514,Oppenheimerite
46516,Bettertonite
46518,Lefontite
46520,Vanderheydenite
46522,Ralphcannonite
46524,Svornostite-(K)
46526,Jezekite
46528,Palladosilicide
46530,Arsmirandite
46532,Tvrdyite
46534,Agmantinite
46536,Lipuite
46539,Unnamed (Ca-Na-ordered analogue of Korobitsynite)
46540,Unnamed (Cu-Zn-In Sulphide)
46541,Whartonite
46542,Cerfluorite
46545,Beckettite
46547,Addibischoffite
46550,Taniajacoite
46551,Stilpnochlorane
46555,Nolzeite
46557,Morrisonite
46559,Suseinargiuite
46561,Ferrostalderite
46564,Karpenkoite
46566,Polloneite
46568,Bosiite
46570,Crimsonite
46572,Gatewayite
46574,Jeffbenite
46576,Fogoite-(Y)
46578,Tavagnascoite
46580,Arsenowagnerite
46582,Mohnite
46584,Moresnetite
46586,Meieranite
46590,Skolite
46592,Thioelaterite
46595,Stilpnomelane Group
46603,Pyroaurite-3R
46604,Unnamed (Ag-Fe Sulphide)
46606,Calciomurmanite
46608,Dravertite
46610,Honzaite
46612,Cryptochalcite
46614,Bubnovaite
46617,Apexite
46619,Albertiniite
46621,Pauladamsite
46623,Perettiite-(Y)
46625,Tsangpoite
46627,Norilskite
46629,Sulfhydrylbystrite
46631,Czochralskiite
46633,Alexkhomyakovite
46635,Huizingite-(Al)
46637,Decagonite
46639,Melcherite
46643,Cerium
46650,Polylithionite-1M
46656,Faden Quartz
46657,UM1999-20-S:AgAsPbSbTl
46663,Cayalsite-(Y)-1O
46664,Cayalsite-(Y)-1M
46670,Grundmannite
46672,Unnamed (Ag-Pb-Bi Selenide)
46673,Puninite
46675,Batievaite-(Y)
46677,Saranchinaite
46679,Jorgkellerite
46681,Andychristyite
46683,Alfredopetrovite
46686,Ciriottiite
46688,Penberthycroftite
46690,Garronite-Na
46692,Garronite Subgroup
46693,Strontioperloffite
46695,Odigitriaite
46697,Kayrobertsonite
46699,Canosioite
46701,Mendeleevite-(Nd)
46703,Zabinskiite
46705,Oxo-mangani-leakeite
46707,Kummerite
46709,Gazeevite
46711,Chongite
46713,Gajardoite
46720,Methane Ice
46721,Carbon Monoxide Ice
46722,Nitrogen Ice
46723,Tholins
46724,Sulfuryl Chloride Ice
46726,Unnamed (NH4-Zn-Fe Chloride)
46727,Unnamed (NH4-Mn Chloride-Fluoride(?)-Hydrate)
46728,Unnamed (NH4-Mn Chloride-Hydrate)
46729,Unnamed (H3O-Al Sulphate)
46730,Unnamed (Mg-Al Sulphate)
46732,Arsenostephanite
46736,Unnamed (Cu-Pb-Bi Sulphide)
46738,Stibnite Group
46739,Wilancookite
46740,Unnamed (Fe-Cr Oxide)
46743,Unnamed (Ag-Cu-Tl Selenide)
46744,Unnamed (Ag-Cu-Bi Selenide)
46745,Unnamed (Ag-Cu Selenide)
46749,Unnamed (Pd-Ag-Bi Sulphide)
46750,Unnamed (Ag-Pd Sulphide)
46751,Unnamed (Pb-Ag-Pb Telluride-Selenide)
46752,Unnamed (Au-Pd-Cu Alloy I)
46753,Unnamed (Au-Pd-Cu Alloy II)
46755,Tungstenite-2H
46759,Wodginite Group
46764,Wolfsbergite
46768,Hydroxylsynchysite-(Ce)
46769,Calciobritholite
46773,Synchysite-(La)
46776,Alnaperbøeite-(Ce)-Perbøeite-(Ce) Series
46782,Oxyphlogopite-phlogopite Series
46783,Cat's Eye Opal
46790,Dachiardite-K
46792,Hydroterskite
46794,Lucchesiite
46796,Hexacelsian
46798,Cyprine
46800,Ilirneyite
46802,Itelmenite
46804,Joegoldsteinite
46806,Hermannjahnite
46809,Grootfonteinite
46811,Manganiceladonite
46813,Kainotropite
46816,Tatarinovite
46818,Maneckiite
46820,Wiklundite
46822,Lislkirchnerite
46824,Shumwayite
46826,Fluorcarmoite-(BaNa)
46829,Wampenite
46831,Charleshatchettite
46833,Plavnoite
46835,Honeaite
46838,Pyrrhotite-11C
46850,Riotintoite
46855,Sulfite-rich thaumasite
46861,White mica
46863,Oxo-pargasite
46864,Hydronaujakasite
46867,Lime-Monteponite Series
46877,Marklite
46878,Ferraioloite
46880,Hansesmarkite
46881,Feodosiyite
46883,Ilyukhinite
46885,Dargaite
46888,Mesaite
46890,Heptasartorite
46892,Enneasartorite
46894,Hendekasartorite
46905,Castellaroite
46907,Fluorwavellite
46909,Kyawthuite
46912,Juansilvaite
46914,Steinmetzite
46916,Vasilseverginite
46919,Unnamed (Paramendozavilite-related)
46921,Unnamed (Tl-Sb-As Sulphide)
46922,Kannanite
46923,Ardennite Group
46932,Labuntsovite Group
46940,UM2003-39-SiO:CaClFeHHfNaNbSrTaTiZr
46942,UM2006-18-SiO:CaClFFeHMnNaZr
46944,Unnamed (Hypermanganese Eudialyte)
46953,Tobermorite Supergroup
46954,Kenotobermorite-4O
46955,Kenotobermorite-2M
46956,Unnamed (Ca–Ce–Sm–Nd Silicate)
46962,Astrophyllite Group
46963,Kupletskite Group
46965,Millsite
46967,Vranaite
46969,Klaprothite
46970,Peligotite
46972,Wilhelmgumbelite
46995,Chromium-bearing Tremolite
47006,UM1983-06-GeO:AlClFeHKSi
47007,UM1983-22-SiO:BaClFeGaGe
47008,Abellaite
47010,Unnamed (Ni Antimonide)
47013,Unnamed (Ni Antimonide-Arsenide II)
47014,Unnamed (Ni Antimonide-Arsenide III)
47015,Unnamed (Ni Antimonide-Arsenide IV)
47016,Mengxianminite
47018,Tinnunculite
47020,Goryainovite
47021,Ferricoronadite
47022,Zincobriartite
47023,Magnesiovoltaite
47025,Alwilkinsite-(Y)
47026,Ottohahnite
47027,Ecrinsite
47036,Potassic-ferro-ferri-katophorite
47037,Hansblockite
47038,Petricekite
47039,Kalgoorlieite
47040,Hydroxylgugiaite
47042,Mineral GS1 (of Gebhard)
47044,Unnamed (Ni-Mg-analogue of Lyonsite)
47046,Selwynite (of Ulrich)
47047,Bonazziite-Alacranite Series
47050,Hydroxylapatite-Hydroxylellestadite Series
47054,Hakite-(Zn)
47055,Hakite-(Cd)
47057,Koksharovite (of Nordenskiold)
47058,Native Hafnium
47068,UM1922-01-O:CuHUV
47069,UM1926-01-O:HNbTaTiU
47078,UM1954-01-O:HU
47083,UM1955-04-OH:U
47084,UM1956-01-O:HPbU
47085,UM1956-02-SiO:CaHU
47086,UM1957-01-SiO:U
47087,UM1958-01-PO:CaMn
47088,UM1958-02-PO:Fe
47089,UM1958-03-SiO:AlCaFeKNa
47090,UM1958-04-SiO:AlHK
47094,UM1959-05-SiO:FeHTh
47095,UM1960-01-AsO:CaHPbU
47096,UM1960-03-O:CaFeHMgPbU
47097,UM1960-05-PO:CaFeHU
47099,UM1960-07-SiO:CaHU
47103,UM1961-02-AsO:FePbZn
47104,Unnamed (Pb-Zn Arsenate)
47113,Killiecrankie Diamond
47114,UM1962-08-SO:HNa
47115,UM1963-02-PO:AlCaH
47119,UM1964-01-CO:HZn
47120,UM1964-02-CO:MnNa
47130,UM1965-08-OH:FeMgNi
47131,UM1965-09-S:Cr
47134,UM1966-02-E:FeNi
47137,UM1966-05-SeO:BaHPbU
47138,UM1967-01-AsO:CeFeHY
47142,UM1967-06-O:HNb
47145,UM1967-09-SiO:AlHKNa
47146,UM1967-10-SiO:AlHNa
47147,UM1967-11-SiO:HMnNaZr
47148,UM1967-12-SiO:HNaZr
47150,UM1968-01-Bi:Pd
47156,UM1968-05-Te:Bi
47158,Unnamed (Ca-Cd Hydroxide)
47159,Unnamed (Basic Cd Chloride)
47162,UM1969-02-MoO:CaHNaU
47163,UM1969-03-MoO:CaHNaU
47164,UM1969-04-MoO:CaHU
47165,UM1969-05-PO:CaHREE
47166,UM1969-06-S:AgBiCu
47178,UM1969-07-S:AgSbTe
47179,UM1969-08-S:AgSbTe
47180,UM1969-09-S:AgTe
47181,UM1969-10-S:AgTe
47182,UM1969-11-S:BiPb
47183,UM1969-12-SiO:AlFeHK
47201,UM1970-14-O:CrFeMgTiV
47202,UM1970-15-O:Pb
47203,UM1970-16-OH:GeMn
47204,Arsenic-bearing Orthoclase
47206,Iron- and Antimony-bearing Rutile
47207,Unnamed (As Sulphides)
47208,Unnamed (Fe Phosphide-Silicide I)
47209,Unnamed (Fe Phosphide-Silicide II)
47210,Unnamed (Fe Silicide I)
47211,Unnamed (Fe Sulphide)
47213,Unnamed (NH4-Mg Urate)
47214,Unnamed (Al Phosphate Fluoride Hydrate)
47215,Unnamed (Basic Ca-Al Sulphate)
47216,UM1970-20-S:AsSbTl
47217,UM1970-21-S:BiPbTe
47218,UM1970-22-S:BiTe
47219,UM1970-23-S:BiTe
47220,UM1970-24-S:CuFe
47222,UM1970-26-S:CuZn
47224,UM1971-01-AsO:CuFeS
47227,UM1971-04-O:FeNbTiYZr
47228,Unnamed (Fe-Ti-(Zr) Oxide I)
47229,UM1972-08-O:CaFeNdTiYZr
47231,UM1971-07-S:AgBiCuPb
47235,UM1971-09-S:AgBiCuPb
47236,UM1971-12-S:BiCu
47237,UM1971-15-S:BiCuPb
47238,UM1971-13-S:BiCuFePb
47241,Unnamed (Bi-Mn oxide)
47242,UM2010-02-O:AsMnSbTaTiU
47243,Unnamed (Ba-dominant member of dickinsonite group)
47244,Unnamed (Pb-dominant member of dickinsonite group)
47246,UM1971-17-S:Mo
47247,UM1971-20-SiO:Mo
47249,UM1971-21-SiO:AlCaMgTi
47250,UM1972-01-AsO:BaCaU
47255,UM1972-02-AsO:Ca
47256,UM1972-03-AsOSO:Cu
47259,UM1972-05-BiO:AlCaP
47260,UM1972-06-CO:CaK
47263,UM1972-10-S:BiCuNi
47264,UM1972-11-S:BiPbTe
47265,UM1972-13-SCO:CaFeH
47271,UM1973-01-As:NiPd
47272,UM2011-04-O:LaMnSrTi
47274,UM2011-03-O:CaKUV
47275,Cadmium-rich Wurtzite
47276,Unnamed (Eu-C-(O) Phase)
47277,UM2004-37-S:Au
47278,Unnamed (Ge Iodide)
47279,Unnamed (Na-Sb Oxide Sulphide Chloride)
47280,Unnamed (Ba Titanate III)
47281,Unnamed (Cd-Pb-Bi Sulphide Selenide I)
47282,Unnamed (Cd-Pb-Bi Sulphide Selenide II)
47288,Unnamed (As-S-Cl Phase)
47291,Thallium
47292,UM1973-02-As:PbPdPtSn
47293,UM1973-03-As:PdSbSn
47294,UM1973-13-E:PbPdPtSn
47295,UM1973-14-E:PbPdPtSn
47296,UM1973-15-E:PbPdSn
47305,UM1973-06-CO:MgH
47307,UM1973-10-E:FeIrRh
47308,UM1973-11-E:FeIrRh
47312,UM1973-17-S:FeNi
47313,UM1973-18-S:FeNi
47319,UM1973-19-S:FePb
47321,UM1973-22-Te:AgHgPd
47323,UM1973-24-Te:AgSb
47324,UM1974-02-Bi:AsPdPtSb
47326,UM1974-11-S:CuFeIrNi
47331,UM1974-16-Se:CoFe
47339,UM1974-07-S:AgBiCu
47340,Unnamed (Cu-Pb-Bi Sulphide II)
47342,UM1975-01-As:AgCoNiPdS
47343,UM1975-02-As:AgCuNiPdS
47344,Unnamed (Pd Arsenide Sulphide)
47345,UM1975-03-As:AgCuPdS
47346,UM1975-04-As:NiPdS
47347,Unnamed (Pd-Cu-As phase)
47349,UM1975-06-As:Pd
47350,UM1995-34-SO:Fe
47351,UM1975-07-As:PdSn
47352,UM1975-08-AsOSO:FeHPb
47355,Niobium- and Chromium-bearing Rutile
47356,Magnesium and Chromium-bearing Ilmenite
47357,Titanium- and Potassium-bearing Richterite
47358,UM1975-09-O:BaCrFeMgTiV
47359,UM1975-10-O:CaFeMgTi
47360,UM1975-12-S:BiCu
47362,UM1975-15-S:CuIrRh
47363,UM1975-16-SO:HKZn
47365,UM1975-18-SiO:Mn
47368,UM1975-21-Te:BiPbSSe
47370,Unnamed (Ca-Mn Oxide)
47371,Unnamed (Pb-Bi Selenide)
47373,UM1976-02-As:IrPtRhRuS
47375,UM1976-04-AsOSO:CuFeHPb
47376,UM1976-09-BiOTeO:HPd
47378,UM1976-11-O:NbU
47379,UM1976-12-S:AgTe
47391,Unnamed (Tl-Bi Sulphide)
47397,UM1976-18-S:RhRu
47398,UM1976-19-S:Ru
47400,UM1976-21-SO:AlCuHNi
47402,UM1976-23-Sb:BiPdTe
47406,UM1976-28-Te:AgBiPb
47407,UM1976-30-Te:BiPbS
47408,UM1976-29-Te:BiNi
47409,UM1976-31-Te:BiPdSb
47410,UM1976-32-Te:BiPdSb
47412,UM1977-01-AsO:U
47413,UM1977-05-E:HgPb
47414,UM1977-04-E:CuFeNiPtSb
47415,Hydroxylhedyphane
47416,Unnamed (Na-Ti-Fe Sulphate)
47422,Unnamed (Cd Sulphate)
47425,UM1977-07-O:AlCaFeH
47426,UM1977-08-O:AlCaH
47427,UM1977-09-O:AlCaH
47428,UM1977-14-SiO:CaH
47433,UM1977-13-SiO:AlBaCaH
47434,UM1978-02-E:CuPbSn
47438,UM1978-08-O:AlCaCrFeMgTi
47440,UM1978-10-O:U
47441,UM1978-11-S:AgBiCuTe
47442,UM1978-12-S:AgBiCuTe
47443,UM1978-13-S:BiTe
47445,UM1978-23-Te:Ag
47446,UM1978-24-Te:Bi
47447,UM1978-25-Te:Bi
47450,UM1978-14-S:CuFePtRh
47451,UM1978-15-S:IrOsPtRhRu
47456,Cadmium-bearing Sphalerite
47458,UM1978-17-S:IrOsPtRu
47460,UM1978-20-S:PtRh
47461,UM1978-16-S:IrOsPtRu
47462,UM1978-21-Sb:Pd
47469,UM1979-01-AsO:CaCu
47470,UM1979-02-AsO:CuFe
47471,UM1979-03-AsO:Fe
47472,UM1979-04-AsO:Fe
47474,UM1979-07-PO:CaFeHREESiTh
47475,UM1979-08-PO:CCaFeHREESiTh
47476,UM1979-09-PO:FeH
47477,UM1979-10-PO:FeHREETh
47478,UM1980-04-PO:CaHREETh
47479,UM1979-11-S:AgAsAuSe
47480,UM1979-12-S:AgAsAuSe
47481,UM1979-13-S:AgAsAuSe
47482,UM1979-14-S:AgPbSb
47483,UM1979-15-S:AgSbTe
47486,UM1979-19-Sb:Rh
47487,UM1979-21-SiO:AlHNaV
47489,UM1980-14-Sb:AsSn
47492,Unnamed (Pb Thiosulphate)
47493,Unnamed (Fe Thiosulphate II)
47494,Unnamed (Fe Sulphoxylane)
47495,Unnamed (Fe Subsulphite)
47496,Unnamed (Fe Sulphite)
47497,Unnamed (Zn Sulphite)
47498,Unnamed (Fe Pyrosulphite)
47499,UM1995-35-SO:FePb
47500,Unnamed (Fe Oxysulphide)
47501,Unnamed (Cu-Fe Sulphide II)
47502,Unnamed (Pb-As Sulphide)
47503,Unnamed (Pb-Cu Sulphide II)
47505,Unnamed (Cu-Mo Sulphide)
47508,Unnamed (Ag Amalgam)
47509,Unnamed (Ag Amalgam II)
47510,Unnamed (Cu-Ag Sulphide)
47511,Unnamed (Cu-Ag Sulphide II)
47512,UM1985-14-S:AgCuFe
47513,UM1985-15-S:AgCuFe
47514,UM1985-16-S:AgCuFe
47515,UM1985-17-S:AgCuFe
47516,UM1985-18-S:AgCuFe
47517,UM1984-01-As:AgAuCuNiPdS
47518,UM1984-02-As:AgNiPd
47519,UM1984-03-As:Ni
47520,UM1984-04-As:NiPd
47521,UM1984-05-As:Pd
47522,UM1984-06-As:Pd
47523,UM1984-07-As:Pd
47524,UM1984-08-As:PdS
47525,UM1984-10-AsS:CuPd
47526,UM1984-11-AsS:CuPd
47527,UM1984-12-AsS:Pd
47528,Unnamed (Cu-Mo-As Sulphide)
47529,Unnamed (Co-analogue of Majakite)
47530,UM1982-13-S:MoPb
47531,Unnamed (K-Mo Sulphide)
47532,Unnamed (Cu(Fe)-Pb Sulphide)
47533,Unnamed (Ag Amalgam Solid Solution)
47534,Unnamed (K-Mg-Al-Cu-Fe-Al Phengite-like Silicate)
47535,Lead-bearing Gold
47536,Unnamed (Pb-Cu Iodide Hydroxide)
47537,Unnamed Organometallic Se Phase
47539,UM1980-08-S:ClPbSb
47540,UM1980-09-S:ClPbSb
47541,UM1980-10-S:ClPbSb
47542,UM1980-11-S:CuIrPtRh
47543,UM1980-13-S:IrRh
47544,Copper-bearing Glauconite
47545,Lead-bearing Feldspar
47546,Half-Bornite
47547,Quatr-Bornite
47549,UM1980-15-SiO:REETi
47550,UM1980-17-TeO:CuPb
47551,Unnamed (Pb-Cu Tellurate)
47552,UM1980-18-VO:Cu
47556,UM1981-02-Bi:AsPbPd
47557,UM1981-03-Cl:BiPd
47558,UM1981-04-E:AgAuHg
47559,Unnamed (Hg Amidonitrate)
47562,Middlebackite
47564,Euxenite Group
47566,Zinc-bearing Muscovite
47567,Zinc-bearing Talc
47568,Unnamed (Fe3+ analogue of Zincohögbomite)
47569,Unnamed (Mn-analogue of Plumboferrite)
47570,Unnamed (CO3-analogue of Hydroxylellestadite)
47571,UM1981-07-E:FeIrNiOsRu
47572,UM2000-60-Si:Fe
47573,UM1986-25-P:Ti
47574,UM1981-08-E:FeIrPtRhRu
47578,UM1981-24-SiO:CaU
47579,UM1981-25-SiO:CaU
47580,UM1981-28-SiO:CaU
47581,UM1981-26-SiO:CaU
47583,UM1982-17-SiO:CaTiU
47584,UM1982-19-SiO:TiU
47585,UM1982-18-SiO:ThTiU
47586,UM1981-27-SiO:HU
47587,UM1981-29-Te:BiRh
47588,UM1981-12-S:CoFe
47589,UM1981-13-S:CoFeNiRh
47590,UM1981-14-S:CuFeIrNiRh
47591,Verbierite
47594,Magnesiovesuvianite
47596,Russoite
47598,Dioskouriite
47599,Philoxenite
47600,Marcobaldiite
47602,Hodgesmithite
47603,Borisenkoite
47606,Kegginite
47607,Spryite
47608,Zincoberaunite
47609,Eleomelanite
47618,UM1981-15-S:CuFeIrNiRh
47619,UM1981-16-S:CuFeIrNiRh
47620,UM1981-17-S:CuIrPtRh
47623,UM1981-32-PO:FeH
47626,UM1981-20-S:NiSbSnTe
47627,Iron-bearing Trevorite
47628,UM1981-21-Se:BiCuPb
47629,UM1981-30-Te:BiSe
47630,Unnamed (Fe-analogue of Huizingite-(Al))
47633,Ammonian Metavoltine
47634,UM1981-31-Te:Pd
47636,UM1986-51-S:Re
47637,UM1974-01-As:PdSb
47638,UM1982-01-As:CuPd
47639,UM1982-02-AsO:CuNiPd
47640,UM1982-05-Bi:PdTe
47643,Unnamed (Cr Silicate)
47644,UM1982-08-PO:FeHMn
47645,UM1982-09-S:AsCoFeNi
47646,UM1982-10-S:AsSbTl
47647,UM1982-11-S:CuFeSb
47649,UM1982-14-Si:CrFeTi
47650,UM1982-15-SiO:AlBaH
47651,UM1982-16-SiO:AlCaFeTi
47652,Unnamed (Ga-analogue of Epidote)
47653,Gallium-bearing Allanite-(Ce)
47656,Paragersdorffite
47658,Orthogersdorffite
47660,UM1981-23-Si:Mg
47666,UM1982-25-Te:BiPd
47668,Ferribeidellite
47669,UM2011-01-CrO:CaH
47671,UM1983-01-As:AgCu
47672,UM1983-02-As:Cu
47673,Unnamed (F-dominant analogue of Ferri-kaersutite)
47674,UM1983-04-BO:FeMgMnSb
47675,UM1983-05-E:CoFe
47676,UM1983-07-O:FeNaTi
47677,UM1983-08-PO:BaCCaHREETh
47678,Hibbingite-Kempite Series
47679,Chernobylite
47680,Unnamed (Ba-Al Fluoride Hydroxide)
47681,K-cymrite
47683,Unnamed (Au-Bi Alloy)
47684,Unnamed (Ag Antimonide)
47685,Silver-bearing Chalcopyrite
47686,Unnamed (Ni-Ag-Sb Alloy)
47687,Zinc- and Manganese-bearing Phlogopite
47688,Zinc and Manganese-bearing Fluorophlogopite
47689,Zinc-bearing Kupletskite
47690,Chromium-bearing Magnesiostaurolite
47691,Chromium-bearing Sapphirine
47692,UM1983-10-S:BiSe
47693,UM1983-11-S:BiSeTe
47694,UM1983-29-Te:BiSSe
47698,Unnamed (Na-Mg Arsenate Hydroxyarsenate)
47700,Zirconium- and Yttrium-bearing Coffinite
47708,Unnamed (K-Ti-analogue of Ilímaussite-(Ce))
47710,Copper-bearing Pyrite
47711,Hingganite-(Nd)
47712,Sulphate and Strontium-bearing Monazite-(Ce)
47715,Unnamed (Pd-Bi-(Te)-(Tl) Oxide)
47716,Unnamed (Pd-Tl-(Bi)-(Te) Oxide)
47718,Unnamed (Pd-Tl-(As)-(Bi) Compound)
47719,Unnamed (Pd-As-(Tl)-(Bi) Compound)
47720,Barium-bearing Feldspar
47721,Unnamed (Ba-Ca-Os Oxide)
47723,Cobalt-bearing Penroseite
47724,Unnamed (Fe Sulphate Hydroxide)
47725,Palladium-bearing Tetra-auricupride
47727,Bismuth- and Lead-bearing Kotulskite
47728,"Lead-, Arsenic- and Antimony-bearing Atokite"
47729,Calcium-bearing Graftonite
47731,Unnamed (Bi(Pb) Telluride Sulphide)
47732,Unnamed (Ag-Bi Telluride)
47733,Lillianite Homologous Series
47735,UM1983-15-S:MoPb
47737,UM1983-16-SO:CaHNa
47738,UM1983-17-Se:CuPb
47739,UM1983-18-SiO:AlFeHMg
47741,UM1983-19-SiO:AlH
47742,UM1983-20-SiO:AlH
47743,UM1983-21-SiO:AlH
47744,Unnamed (Ce-analogue of Kozoite-(La) and -(Nd))
47745,Unnamed (Kanemite-related mineral)
47747,UM1983-24-SiO:CaNa
47749,UM1983-26-SiO:U
47750,UM1983-27-SiO:U
47751,UM1983-28-SiO:U
47752,UM1983-30-AsO:FeHMgMnZn (Also known as Mineral D)
47753,Ellenbergerite-(PO4)
47754,UM1984-13-C:Cr
47755,UM1984-14-CH:ClNOV
47756,UM1984-15-E:CrFeIrOsRu
47757,UM1984-17-E:FeIrOsPtRu
47758,UM1984-18-E:FeNiPt
47759,UM1984-20-O:CrFeHTiV
47760,UM1984-21-PO:AsCu
47761,UM1984-22-S:AsCuSbSn
47762,UM1984-24-S:BiCuPbSe
47763,UM1984-25-S:BiCuSe
47764,UM1984-23-S:BiCuPb
47765,UM1984-26-S:BiPb
47766,UM1984-27-S:ClPbSb
47767,UM1984-29-S:CuFePbSb
47768,UM1984-30-S:CuFeSn
47770,UM1984-32-S:CuPbSb
47771,UM1984-33-S:PbSbTe
47772,UM1984-34-Sb:AsCoNi
47774,Cerium-bearing Barite
47775,UM1984-36-SiO:CaNaZr
47777,Wrightite
47778,Matyhite
47779,Huenite
47780,Braunerite
47781,Wayneburnhamite
47782,Cardite
47783,Selivanovaite
47784,Pribramite
47785,Leoszilardite
47786,Whiteite-(CaMgMg)
47787,Cesiodymite
47788,Gauthierite
47789,Luogufengite
47790,Hydroxyferroromeite
47791,Ewingite
47794,Cabvinite
47796,Edtollite
47800,Wangdaodeite
47811,UM1984-37-SiO:CrMn
47812,UM1984-38-SiO:TiU
47813,UM1984-39-SiO:U
47814,UM1984-40-Te:AgBi
47818,UM1985-01-Bi:PdSb
47819,UM1985-03-E:AlZn
47820,UM1985-04-E:CuNiSn
47821,UM1985-05-E:CuSn
47822,UM1985-06-O:CrFeMgTi
47823,UM1985-07-OH:AlCuSZn
47824,UM1985-08-OH:Fe
47825,UM1985-09-PO:CaFeHMn
47826,UM1985-10-S:AgBiPb
47827,UM1985-12-S:AgBiPb
47828,UM1985-11-S:AgBiPb
47829,UM1985-13-S:AgCu
47830,UM1985-19-S:AgHg
47831,UM1985-21-S:ClCuPb
47832,UM1985-22-S:ClCuPb
47833,Unnamed (Amorphous Pb-Mn Hydroxide)
47834,Unnamed (Hydrated Copper Sulphide)
47835,Unnamed (Covellite-like Mineral)
47836,Unnamed (Cu-Ag Sulphide III)
47837,Unnamed (Ag-Hg Sulphide-Halide)
47838,UM1985-20-S:AsCuSbSeTe
47839,Unnamed (Bi Telluride Selenide II)
47840,Unnamed (Bi Telluride Selenide III)
47841,Unnamed (Bi Telluride Selenide IV)
47842,Unnamed (Ca-Cu Arsenate 3)
47843,Unnamed (Cu Arsenate)
47844,UM1985-23-S:CuFeInZn
47845,UM1985-24-SO:HU
47846,UM1985-25-SiO:AlCaMgPb
47847,UM1985-26-SiO:CaMgPbZn (Also known as Mineral A)
47848,UM1985-27-SiO:FeU
47849,UM1985-28-SiO:FeU
47850,UM1985-29-SiO:FeU
47851,UM1985-30-SiO:FeU
47852,Unnamed (Hydrated K Carbonate)
47854,Euxenite-(Y)-Columbite solid solution
47855,UM1985-31-TiO:AlCaFeMnSi
47856,UM1986-01-As:AuPdTe
47857,UM1986-04-As:PdTe
47858,UM1986-52-Sb:AsPd
47859,UM1986-66-Te:AsAuPd
47862,Unnamed (HP polymorph of cadmoselite)
47863,Butianite
47864,Stolperite
47865,Feldspathoid
47868,Opal-A
47869,Magnesium-bearing Ilmenite
47872,Carbonate
47873,Potassium richterite
47874,Sodic amphibole
47876,Iron sulfide
47878,Low-calcium pyroxene
47880,High-calcium pyroxene
47886,β-Tridymite
47890,Chinleite-(Y)
47892,Hollisterite
47895,Javorieite
47900,Unnamed (Al-Cu-Fe Alloy II)
47901,UM1986-02-As:PdSbSn
47902,UM1986-03-As:PdSn
47903,UM1986-05-AsO:HMn
47904,UM1986-06-AsO:HMn
47906,UM1986-07-Bi:PbPdPtRhTe
47907,UM1986-37-S:AsCuFePdRh
47908,UM1986-38-S:AsPdPtRh
47909,UM1986-39-S:AuBiPbTe
47912,Unnamed (Ag Diiodide)
47913,Gadolinite-(Nd)
47914,Alumovesuvianite
47915,Arsenatrotitanite
47916,Ferrorhodonite
47917,Ozerovaite
47919,Marinaite
47920,Nataliyamalikite
47921,Zincostrunzite
47922,Qatranaite
47923,Rippite
47924,Hydrokenomicrolite-3R
47926,Unnamed (Ba-Mn Oxalate Tetrahydrate)
47927,Bytizite
47930,Folvikite
47931,Argentoliveingite
47932,Currierite
47933,Deltalumite
47934,Hydropascoite
47935,Parisite-(La)
47936,Chevkinite-(Nd)
47937,Perrierite-(Nd)
47939,UM1986-11-CO:Zn
47941,UM1986-12-E:CuFeNiPt
47943,UM1986-13-E:CuFeNiPt
47944,UM1986-14-E:CuFePt
47945,UM1986-15-E:CuFePt
47946,UM1986-16-E:CuFePt
47947,UM1986-17-E:CuPt
47974,Unnamed (Au-Pd Alloy I)
47975,UM2008-11-E:AuPd
47976,Unnamed (Pd-Au-Hg Alloy)
47978,Oxyschoonerite
47980,Unnamed (Cu-Zn Alloy II)
47981,Unnamed (Cu-Zn Alloy III)
47983,Unnamed (Cu-Sn Alloy)
47984,Unnamed (Cu-Sn Alloy II)
47985,Unnamed (Cu-Sn Alloy III)
47986,Unnamed (Cu-Zn-Ni Alloy)
47987,Unnamed (Cu-Zn-Ni Alloy II)
47988,Unnamed (Ni-Cd Alloy)
47989,Incomsartorite
47993,Richardsollyite
47995,Sb-rich pinakiolite
47997,Unnamed (Hydrated Hydrous Na-Ca-Mn-Fe-Zr-Ti Silicate Chloride)
48002,Fe-rich pyroxene
48003,Kryachkoite
48005,Alkali pyroxene
48007,Alkali amphibole
48008,Sodic plagioclase
48009,Calcic plagioclase
48010,Mafic minerals
48541,Leucite phonolite
48679,Metafelsic-rock
48756,Meta-ultramafic-rock
49988,Other material
49989,Organic material
49996,Natural gas
49999,Groundwater
50004,Calcic garnet
50061,Leptynite
50207,Unnamed (Ni-Fe Phosphide)
50208,Unnamed Nickel-rich Mica
50234,Merelaniite
50237,Perovskite Subgroup
50249,UM1986-22-O:BaCeFeKTiV
50250,UM1986-23-O:BaMnU
50251,UM1986-24-O:Cu
50252,Lombardoite
50254,Unnamed (possible ordered As-analogue of Tokyoite)
50262,UM1986-30-S:AgBiCuPb
50318,UM1986-35-S:AsBiPbSb
50319,UM1986-36-S:AsCuFeGe
50321,UM1986-42-S:CuFe
50322,Gallium-bearing Sphalerite
50331,UM1986-50-S:PbTe
50332,Beusite-Graftonite Series
50334,Calamaite
50335,Rowleyite
50336,Fleisstalite
50337,Siidraite
50338,Anatolyite
50339,Zincobradaczekite
50342,Arsenmarcobaldiite
50343,Jordanite Homologous Series
50344,Argentodufrenoysite
50345,Belousovite
50346,Khorixasite
50347,Kuliginite
50348,Omariniite
50349,Chirvinskyite
50350,Quijarroite
50351,Badalovite
50352,Molinelloite
50353,Hydroxykenoelsmoreite
50354,Magnesiocanutite
50355,Tamboite
50356,Metatamboite
50357,Roymillerite
50359,Gadolinite Supergroup
50363,Gadolinite Subgroup
50369,Bafertisite Group
50395,Triclinic Titanite
50410,Mesoperthite
50439,Fine-grained metafelsic-rock
50465,Murakamiite
50466,Zhanghuifenite
50758,Agrite
50766,UM1986-53-Sb:AsPdSn
50767,UM1986-54-Sb:PdSn
50768,UM1986-55-Sb:PdSn
50769,UM1986-56-SbO:CuFeHSiSn
50771,Rietveldite
50772,Marathonite
50773,Epifanovite
50774,Leesite
50775,Machiite
50776,Calciojohillerite
50777,Oxy-foitite
50778,Davidsmithite
50779,Alpeite
50780,Magnesiobeltrandoite-2N3S
50781,Fluorarrojadite-(BaNa)
50782,Vorontsovite
50783,Jaszczakite
50784,Magnesiohatertite
50785,Burroite
50786,Redcanyonite
50795,Bismutomicrolite
51155,UM1987-02-O:AlPTiZr
51156,UM1986-67-Te:Pb
51157,UM1986-65-Te:AgBi
51158,UM1986-68-Te:Pb
51161,Iron-bearing Wodginite
51165,UM1987-03-O:FePbTiU
51166,UM1987-04-O:Ti
51169,Monradite
51173,CCUK-8
51175,CCUK-12
51176,CCUK-13
51177,CCUK-14
51178,CCUK-15
51179,CCUK-18
51180,Nagatelite
51217,Calc-silicate minerals
51231,Unnamed (Na-Ca-Ni Vanadate Garnet)
51232,Unnamed (Na-Fe Vanadate Garnet)
51246,Farsundite
51368,Viellaurite
51369,Unnamed (Oxidised bassetite)
51372,Hemleyite
51386,Iron oxide
51400,Magnesiotaaffeite-2N�?S2
51403,Kampelite
51405,Palladogermanide
51409,Rudabanyaite
51411,Fluorbarytolamprophyllite
51413,Markeyite
51415,Delhuyarite-(Ce)
51418,Perrierite Subgroup
51432,High sanidine
51458,Banded ironstone
51469,Kravtsovite
51471,Rozhdestvenskayaite-(Zn)
51474,Riesite
51478,Stracherite
51479,Grape agate
51481,Cobalt-bearing Calcite-Spherocobaltite
51483,UM2002-52-SiO:AlFeMg
51492,Unnamed (Cu-Fe Sulphide III)
51520,UM1986-59-Si:FePTi
51521,UM1986-62-SiO:CaHNaNbTiZn
51522,UM1986-64-SiO:NbREETi
51524,UM1987-06-S:AgBiPb
51525,UM1987-07-S:AgBiPb
51526,UM1987-08-S:AgBiPb
51527,UM1987-09-S:AgCu
51528,Unnamed (Cu-Ag Sulphide IV)
51529,UM1987-10-S:AgFe
51530,UM1987-11-S:BiCuPbSb
51545,UM1987-12-SO:AlH
51546,UM1987-13-SO:AlH
51549,Unnamed (Pd-I-O Compound)
51550,UM1987-15-Se:AgSSb
51551,UM1987-16-Se:BiPbTe
51552,UM1987-17-Se:BiTe
51553,UM1987-18-SiO:AlCaHKNa
51554,UM1987-19-SiO:FeHMgMnTi
51555,Shinkolobweite
51557,Heyerdahlite
51559,Hyrslite
51560,Tiberiobardiite
51561,Topsoeite
51565,Cesiokenopyrochlore
51567,Arsenmedaite
51569,Ariegilatite
51571,Staroceskeite
51573,Giftgrubeite
51575,Pansnerite
51577,Vymazalovaite
51579,Lagalyite
51581,Ulfanderssonite-(Ce)
51583,Plumbopharmacosiderite
51587,Rubinite
51589,Clino-suenoite
51591,Verneite
51594,Zagamiite
51596,Graftonite Group
51598,UM1987-20-Te:AgAsS
51599,UM1988-01-CO:BaMn
51600,UM1988-02-F:AlHO
51601,Unnamed (Basic Aluminium Fluoride Monohydrate)
51602,Unnamed (Sodium Aluminium Oxide Chloride)
51604,UM1988-04-SiOPO:CaFeHNaNbTi
51606,UM1988-08-S:AgCu
51607,UM1988-09-S:AgCu
51608,UM1988-10-S:AgCu
51609,UM1988-12-S:AgSn
51610,Unnamed (Silver Copper Arsenic Sulphide)
51612,UM1988-11-S:AgPbTe
51613,UM1988-13-S:Bi
51614,UM1988-14-S:Bi
51615,UM1988-15-S:BiPb
51616,UM1988-24-Te:AgBi
51617,UM1988-25-Te:Bi
51619,UM1989-02-AsTe:AgAuPb
51621,UM1989-03-C:FeMnSi
51622,UM1989-09-E:FeMnSi
51623,UM1989-04-C:TiV
51624,UM1989-05-ClOH:FeMn
51625,UM1989-06-CO:AlHNa
51630,UM1989-12-E:NiSn
51632,UM1989-14-OC:HMg
51633,UM1989-15-S:AgBiCuFePbSe
51634,UM1989-21-S:BiCuFePbSe
51636,UM1989-16-S:AgClPbSb
51637,UM1989-23-S:ClPbSb
51638,Unnamed (Al Chloride-Hydroxide-Hydrate)
51640,Palladium-bearing Pentlandite
51641,Palladium-bearing Cobaltite
51642,UM1989-17-S:AgCuPd
51643,UM1989-20-S:AsPt
51644,UM1989-18-S:AgFeTe
51645,Unnamed (Silver Antimony Telluride Sulfide)
51646,UM1989-24-S:CuFeZn
51647,Indium-bearing Sphalerite
51648,Selenium-bearing Cosalite
51649,Selenium-bearing Bismuthinite
51650,UM1988-16-S:BiSeTe
51651,UM1988-17-S:CuFe
51652,Zinc-bearing Chalcopyrite
51653,Zinc-bearing Isocubanite
51654,UM1988-18-S:CuFe
51655,UM1988-19-S:CuFeNiPdRu
51656,PGE-rich Chalcopyrite
51657,UM1988-20-SO:FeH
51658,UM1988-21-Se:AgBiHg
51659,Unnamed (Sn-Fe Arsenate-Hydrate)
51660,Wurtzite-Buseckite Series
51661,K-petalite
51662,Unnamed (Potassium Aluminium Silicate)
51663,Unnamed (Sodium Silicate)
51665,Silicon Spinel
51666,Meta-kaolinite
51667,Pseudomullite
51668,Unnamed (Sodium Potassium Iron Sulfate Chloride)
51669,Unnamed (Potassium Calcium Sulfate)
51670,Unnamed (Potassium Lead Chloride)
51671,Unnamed (Zn Sulfate Chloride Hydroxide)
51672,Unnamed (Potassium Zinc Sulfate Chloride)
51673,Unnamed (Cesium Potassium Sulfate)
51675,UM1988-22-SiO:AlCaFFeHKLiMg
51676,UM1988-23-SiO:HKNbTi
51677,Vanadium and Titanium-bearing Magnetite
51678,UM1989-25-S:FeNi
51679,UM1989-26-Sb:Pd
51680,UM1989-27-Se:AgAsFeS
51681,UM1989-28-Se:AgBiCuS
51682,UM1989-30-SiO:AlBaCaFeHKMgMn
51684,UM1989-32-SiO:AlCaFeHREE
51685,Ferritchromit
51702,Palagonite
51706,Unnamed (Iron Carbonitride)
51707,Unnamed (Iron Nitride I)
51708,Unnamed (Iron Nitride II)
51709,Unnamed (Iron Carbide)
51710,Unnamed (Iron Carbide II)
51711,Unnamed (Calcium Chromium Oxide Postspinel)
51712,Unnamed (Mg analogue of Xieite)
51713,Unnamed (Orthorhombic Polymorph of Magnesium Oxide)
51714,Metaloparite
51716,UM1989-33-SiO:BaHMnTi
51718,UM1989-35-SiO:KTi
51719,UM1990-01-As:CuPdPt
51720,UM1990-14-E:AuCuPt
51723,UM1990-15-E:CuPdPt
51724,UM1990-40-S:CuFePdPtRh
51725,UM1990-20-E:NiPtSn
51726,UM1990-02-As:FeIrNiOsRhRu
51727,UM1990-16-E:CuRhSn
51728,UM1990-03-As:NiPdSb
51729,UM1990-75-Te:Ag
51741,Unnamed (Barium Calcium Aluminium Fluoride)
51742,UM1990-56-Si:FeMn
51743,UM1990-58-SiO:AlBaH
51744,UM1990-59-SiO:AlBCHMg
51746,UM1990-61-SiO:AlCaHKMnNa
51748,UM1990-62-SiO:AlCaKMnNb
51749,UM1990-60-SiO:AlCaFe
51750,UM1990-12-CO:HNa
51751,UM1990-63-SiO:AlMnNa
51752,UM1990-37-S:CuFeHO
51753,UM1990-70-SiO:CaMnNaThTi
51791,Ajkaite
51792,Alginite
51793,Kerogen
51796,UM1990-09-C:Si
51797,UM1990-17-E:FeIrOsPt
51798,UM1990-42-S:IrOsPbPt
51800,Unnamed (Hydrous Sodium Iron Manganese Calcium Rare-Earth Thorium Silicate/Phosphate Fluoride)
51801,Unnamed (Hydrous Calcium Rare-Earth Thorium Phosphate/Silicate Fluoride)
51802,Unnamed (Hydrated Hydrous Calcium Iron Manganese Rare-Earth Thorium Zirconium Aluminium Silicate/Phosphate Fluoride)
51803,Titanium-bearing Corundum
51804,UM1990-18-E:FeIrOsRu
51805,UM1990-19-E:FeIrOsRu
51811,UM1990-23-O:Al
51812,UM1990-24-O:Al
51813,UM1990-25-O:ClPbS
51814,Unnamed (OH-analogue of Gadolinite-(Y))
51815,Scandium-bearing Columbite-(Fe)
51817,Ferrovorontsovite
51821,Protoenstatite
51823,Greenlizardite
51825,Batagayite
51827,Aurihydrargyrumite
51829,Katerinopoulosite
51831,Hydrokenopyrochlore
51833,Ferrobobfergusonite
51835,Garmite
51837,Levantite
51840,Betpakdalite-FeFe
51842,Schmidite
51845,Sharyginite
51847,Piccoliite
51849,Dagenaisite
51854,Paulite (of Bültemann)
51856,UM1990-27-O:Pt
51857,UM1990-47-Sb:CuNi
51858,UM1990-49-Sb:Ni
51859,Unnamed (Nickel Arsenide II)
51878,Fluor-hornblende
51880,Titanium-bearing Phlogopite
51885,Endiopside
51886,Ferrohedenbergite
51887,Subcalcic augite
51888,Subcalcic ferroaugite
51902,UM1990-31-S:AgCuFe
51924,Ferrowollastonite
51932,Tantalo-niobate
51934,Glimmerite
51943,Unnamed (Th-bearing silicate UK#1)
51947,Beaverite-(Cu)-plumbojarosite Series
51948,Baryte-Hashemite Series
51949,Shenzhuangite
51951,Vanadio-pargasite
51953,Alumoedtollite
51955,Kamenevite
51957,Ammoniovoltaite
51959,Somersetite
51961,Triazolite
51963,Valleyite
51965,Manganiakasakaite-(La)
51967,Iron(II)-bearing muscovite
51968,Magnesium-bearing Siderophyllite
51969,Cubo-ice
51971,Kroupaite
51973,Horakite
51975,Zincovelesite-6N6S
51977,Feynmanite
51979,Chenmingite
51981,Ferriperboeite-(Ce)
51984,Gatelite Group
51985,Martinandresite
51987,Axelite
51989,Cobalt-bearing Tetrahedrite
51993,UM1990-39-S:CuFeIrNiPtRh
51994,UM1990-41-S:CuPd
51995,UM1990-50-Sb:PbPdPt
51996,UM1990-76-Te:BiIrPbPtRh
51997,UM1990-48-Sb:CuPd
52013,Bismuthinite-Stibnite Series
52019,Unnamed (Sc-Nb oxide)
52022,Unnamed (Iron Diphosphate)
52023,Unnamed (Sodium-Magnesium Phosphate)
52024,Unnamed (Barium-Strontium Aluminium Fluoride)
52026,UM1990-73-SiO:KMnNaZn
52027,UM1990-77-Te:BiPb
52042,UM1990-96-SiO:NaTh
52045,UM1990-101-S:CuFeK
52046,Chrom-Biotit
52050,UM1991-04-AsS:CoFeNi
52051,UM1991-05-CO:BiCaCl
52052,UM1991-08-O:Ti
52053,UM1991-10-PO:BaCaHMgSr
52054,Gold-bearing Silver
52055,UM1991-11-S:AgBiCu
52056,UM1991-12-S:AuBi
52057,UM1991-13-S:AuBiPb
52058,UM1991-14-S:AuBiPb
52059,UM1991-15-S:AuBiPb
52060,UM1991-16-S:CuFeTl
52061,UM1991-17-S:IrPtRh
52062,Unnamed (Platinium Iridium Arsenide Sulfide)
52063,UM1991-18-Sb:BiIrOsPt
52064,Unnamed (Platinum Antimonide Stannide Bismuthide)
52065,UM1991-19-Se:AsCo
52066,UM1991-20-Si:Fe
52067,UM1991-21-SiO:AlFeHMg
52068,UM1991-22-SiO:CaFHK
52069,UM1991-23-SiO:CaFeHHfZr
52070,UM1991-24-SiO:CaKNaZr
52071,UM1991-25-Te:AgPd
52072,UM1991-27-Te:BiNiPdPt
52073,UM1991-28-Se:BiTe
52075,UM1992-02-BOCO:CaHMgNa
52081,UM1992-03-Bi:CuPdPtSb
52082,UM1992-11-E:CuPtSb
52083,UM1992-04-Bi:Pt
52084,UM1992-12-E:IrPtSb
52085,Copper-bearing Rustenburgite
52086,UM1992-38-Sn:CuPdPt
52089,Strontioruizite
52109,Unnamed (Cu-Fe Sulphide IV)
52114,Unnamed (Au-Pb Alloy I)
52115,Unnamed (Au-Pb Alloy II)
52125,Cantonite
52128,UM1993-22-Se:Mo
52129,UM1993-28-Te:Mo
52130,UM1992-05-CO:CaCeLaNaSr
52131,UM1992-06-E:AgPd
52133,UM1992-07-E:AuCuPdPt
52134,UM1992-09-E:CuFePt
52135,UM1992-13-O:IrPt
52136,UM1992-25-S:CuOsPdPtRh
52137,UM1992-26-S:CuPdPt
52138,UM1992-27-S:CuPdPtRh
52139,UM1992-28-S:Pd
52140,UM1992-29-S:PdPt
52142,Gorbunovite
52144,Rinkite-(Y)
52146,Kalithallite
52148,Barwoodite
52152,Finchite
52154,Maohokite
52156,Graftonite-(Ca)
52158,Zoharite
52160,Graftonite-(Mn)
52162,Baumoite
52164,Rudlingerite
52166,Hongheite
52167,Beusite-(Ca)
52168,Wildenauerite
52169,Novograblenovite
52170,Tredouxite
52171,Stofflerite
52172,Magnesioleydetite
52173,Hydroxykenopyrochlore
52174,Brandaoite
52177,UM1992-08-E:AuHg
52178,UM1992-10-E:CuPt
52180,Meitnerite
52182,Ammoniozippeite
52184,Silver-bearing Pyrite
52185,UM1992-21-S:AgFeSb
52186,UM1992-22-S:AgPd
52187,Ti-kushiroite
52230,Kaiyuhite
52232,Alunite-Jarosite Series
52340,Unnamed (Mg-analogue of Grandiferrite)
52341,Unnamed (Hydrous Calcium Magnesium Aluminium Silicate)
52342,Unnamed (Hydrous Calcium Magnesium Iron Silicate)
52343,Unnamed (Hydrous Calcium Magnesium Aluminium Silicate II)
52344,Unnamed (Calcium Sodium Titanium Niobium Oxide)
52345,Unnamed (Ba-analogue of K-petalite)
52346,Unnamed (Mg-Ti-[]-analogue of Batiferrite)
52347,Unnamed (Fe Sulphide III)
52348,Unnamed (Magnesium Iron Chromium Oxide)
52349,Unnamed (Magnesium Iron Oxide)
52350,Unnamed (Fe(II)-Fe(III)-analogue of Shulamitite)
52351,Unnamed (Calcium Sulfate Silicate)
52352,Unnamed (Magnesium Iron Oxide II)
52353,Unnamed (Magnesium Iron Oxide III)
52354,Unnamed (Fe(II)-dominant analogue of Grandiferrite)
52355,Unnamed (Magnesium Iron Oxide IV)
52356,Unnamed (Calcium Magnesium Iron Oxide)
52357,Unnamed (Magnesium Iron Oxide V)
52358,Unnamed (Magnesium Iron Oxide VI)
52359,Gallium-bearing Chlormayenite
52362,Germanium-bearing Cuspidine
52558,Antimony-bearing Tulameenite
52566,Clino-ferro-suenoite
52570,Manganese-bearing Brucite
52572,Silesiaite
52574,Marchettiite
52576,Vestaite
52578,Hjalmarite
52580,Dekatriasartorite
52582,Oberthurite
52584,Hydroxynatropyrochlore
52587,Manganflurlite
52589,Ammoniomathesiusite
52591,Janchevite
52593,Guite
52595,Wuyanzhiite
52604,UM2011-05-OH:FOSn
52605,UM2011-06-PO:AlFeHMn
52606,UM2011-07-POSO:AlBaH
52609,UM2011-12-S:CuFeHgNiPd
52610,UM2011-23-SiO:FeHNi
52611,UM2011-22-SiO:ClFeHNi
52613,UM2011-20-SiO:AlFeMg
52618,UM2011-19-SiO:AlAsBHSb
52619,UM2011-18-SOCl:Na
52621,UM2011-16-SOCl:FeHKNa
52622,UM2011-15-SO:FeHKNNa
52634,UM2011-08-S:AgBiCuPbSe
52635,UM2011-09-S:AgBiPbSe
52636,UM2010-09-Te:Pd
52637,UM2010-08-S:AgPd
52638,UM2010-07-S:AgCuSe
52640,Molybdenum ochre
52642,Titanochondrodite
52654,Petersite-(La)
52660,UM2010-04-S:PdTe
52678,Siudaite
52684,Amorphous graphite
52688,Unnamed (La-analogue of Calcioancylite-(Ce))
52703,Cronstedtite-2H2
52710,Pampaloite
52712,Paddlewheelite
52713,Tsygankoite
52727,Schorlomite Group
52732,Chrome antigorite
52734,Ramazzoite
52735,Nevadite
52747,Rock flour
52750,Thorasphite
52751,Strassmannite
52753,Sbacchiite
52757,Ferrimontmorillonite
52762,Dokuchaevite
52764,Manganiakasakaite-(La)-Manganiandrosite-(La) Series
52770,Unnamed (Sb-analogue of Auriacusite)
52772,Palladium-bearing Copper
52773,Mafics
52774,Philipsbornite-Segnitite Series
52778,Unnamed (Tl(I) Oxide)
52779,Unnamed (Tl Thiosulphate)
52780,Unnamed (Tl Sulphate)
52781,Hydroxynatromicrolite
52782,Manganese-bearing Pellyite
52788,Quintinite-3R
52807,Oyonite
52834,Bodeachat
52841,Ammoniolasalite
52847,Fibrous calcite
52850,Ferrierite-NH4
52853,Nollmotzite
52860,Dellagiustaite
52864,Unnamed (Bi Telluride VI)
52865,Spinel Supergroup
52866,Oxyspinel Group
52876,Magnesiofluckite
52878,Lasnierite
52880,Vandermeerscheite
52882,Khrenovite
52884,Chinchorroite
52886,Rhabdoborite-(V)
52888,Rhabdoborite-(W)
52890,Noggerathite-(Ce)
52897,Pararaisaite
52899,Thalhammerite
52901,Mitrofanovite
52903,Jahnsite-(MnMnZn)
52905,Kaitianite
52907,Fiemmeite
52908,Vaniniite
52909,Bodieite
52910,Paraberzeliite
52911,Belomarinaite
52913,Uakitite
52914,Ferrorockbridgeite
52915,Belogubite
52916,Dalnegorskite
52917,Zubkovaite
52918,Phoxite
52919,Achyrophanite
52920,Koryakite
52922,Aleutite
52923,Majzlanite
52924,Elasmochloite
52933,Spinel Subgroup
52935,Linnaeite Subgroup
52946,Golden sphalerite
52948,Grenatite
52950,Manganese-bearing Hellandite-(Y)
52983,UM2006-22-SiO:V
52984,Unnamed (Ti-V oxide)
52988,Picaite
52989,Riosecoite
52990,Camanchacaite
52991,Meyrowitzite
52992,Wumuite
52993,Pandoraite-Ba
52994,Pandoraite-Ca
52995,Stefanweissite
52996,Eddavidite
52997,Gaildunningite
52998,Cerromojonite
53024,Yarzhemskiite
53039,Jahnsite Subgroup
53041,Thermaerogenite
53045,Hitachiite
53047,Lepageite
53050,Unnamed (Mg-analogue of Hopeite)
53051,Pliniusite
53053,Goldschmidtite
53055,Mengeite
53058,Proxidecagonite
53075,UM1992-14-PO:CaFeHMn
53076,UM1992-15-PO:FeHMg
53077,UM1992-16-PO:FeHMg
53078,UM1992-17-PO:FeHMg
53080,UM1992-19-PO:FeHNa
53081,UM1992-20-PO:FeMn
53083,UM1992-24-S:CuFeIrNiPtRh
53084,UM1992-31-Sb:AsPdRh
53085,UM1992-32-Sb:PdSn
53086,Unnamed (Sb-analogue of Hydroxymanganopyrochlor)
53093,Unnamed (Hydrous Zr Molybdate)
53095,Unnamed (As-analogue of Zaïrite)
53101,Strigovite
53102,Alterite
53104,Unnamed (Ag-Hg-Sn-Te Sulphide)
53105,Unnamed (Ag-Fe endmember of Routhierite Group)
53122,UM1992-33-SiO:AlCaFeHMg
53124,UM1992-35-SiO:CaHKMg
53126,UM1992-36-SiO:FeHKMgMnNa
53127,UM1992-39-Te:AgNiPd
53128,UM1992-40-Te:CuPd
53132,Potassic-mangano-mangani-ungarettiite
53134,Chlormayenite-Wadalite Series
53137,Milanriederite
53138,Hanauerite
53139,Manaevite-(Ce)
53140,Parafiniukite
53141,Bicapite
53142,Antofagastaite
53143,Potassic-jeanlouisite
53146,Crowningshieldite
53148,Fanfaniite
53152,Bonacinaite
53154,Kruijenite
53156,Demagistrisite
53160,Erikjonssonite
53161,Falgarite
53165,Monteneveite
53166,Nataliakulikite
53167,Breyite
53168,Ferrirockbridgeite
53169,Udinaite
53170,Arsenudinaite
53171,Carletonmooreite
53175,Unnamed (Rh Telluride)
53186,Unnamed (Cu-Mn-Sn Sulphide)
53187,Ruthenium-bearing Iridium
53188,Nipalarsite
53190,Krasnoshteinite
53192,Aravaite
53197,Gasparite-(La)
53199,Okieite
53201,Unnamed (Antimony Sulphide)
53206,Jeankempite
53207,Ramaccioniite
53208,Pracharite
53209,Cuatrocapaite-(NH4)
53211,Cuatrocapaite-(K)
53212,Badakhshanite-(Y)
53213,Ferriakasakaite-(Ce)
53214,Ekebergite
53215,Espadaite
53216,Natroaphthitalite
53217,Lehmannite
53218,Lumsdenite
53219,Armellinoite-(Ce)
53220,Akopovaite
53221,Gladkovskyite
53222,Escheite
53223,Uroxite
53224,Lussierite
53233,Asimowite
53234,Amamoorite
53235,Ferriperboeite-(La)
53236,Radekskodaite-(La)
53237,Laverovite
53238,Tschaunerite
53252,Feiite
53253,Liuite
53254,Ferri-mottanaite-(Ce)
53255,Natrowalentaite
53264,"Na-(Mg,Fe)-margarite"
53278,Asbestos hedyphane
53290,Malinite
53294,Carmeltazite
53309,Unnamed (Bi-As-S-Cl(-O?) mineral)
53312,Chloroferrokinoshitalite
53316,Micrite
53329,UM2005-//-SiO:H
53331,"Mineral E (of Dunn, et. al., 1982)"
53337,Unnamed (V-Al Alloy)
53338,Unnamed (V-Cr Alloy)
53344,Avdeevite
53346,Nickeltyrrellite
53348,Pseudomarkeyite
53350,Magnesiobermanite
53352,Perboeite-(La)
53354,Nikmelnikovite
53356,Llantenesite
53358,Donwilhelmsite
53360,Glikinite
53362,Slikite
53364,Orthocuproplatinum
53366,Nickolayite
53368,Reaphookhillite
53370,Davidbrownite-(NH4)
53371,Ognitite
53372,Stergiouite
53373,Bouskaite
53374,Kenngottite
53375,Edscottite
53386,Unnamed (K Carbonate)
53389,Scleroclase
53390,Celadonite Subgroup
53391,Dioctahedral mica
53393,Trioctahedral mica
53400,Lazaraskeite
53405,Spiridonovite
53409,Kollerite
53410,Nixonite
53411,Khangalasite
53412,Isselite
53413,Khurayyimite
53414,Siwaqaite
53415,Polekhovskyite
53416,Mangani-pargasite
53417,Natromarkeyite
53418,Bohuslavite
53425,Pecos Diamonds
53430,Mercurian Stromeyerite
53458,UM1991-26-Te:AsPd
53459,UM1993-01-AsO:CaH
53460,UM1993-02-AsTe:Pd
53461,UM1993-03-Cl:BiHOPd
53463,UM1993-04-E:BiCuHgPdRh
53464,UM1993-05-E:CuFeHgPd
53465,UM1993-21-S:IrOsRu
53466,UM1993-06-F:CaNaREEY
53467,UM1993-07-PO:CaCeHLa
53468,UM1993-08-S:AgAuSb
53469,UM1993-09-S:AgHgSb
53470,UM1993-10-S:AgSb
53471,UM1993-12-S:BiCu
53472,UM1993-17-S:CuFePb
53473,UM1993-18-S:CuPd
53474,UM1993-19-S:CuPt
53475,UM1993-20-S:CuPt
53483,Tsikourasite
53484,UM1993-13-S:BiCuTl
53485,UM1993-27-Te:AuTl
53486,UM1993-15-S:CdInZn
53487,UM1993-16-S:CdInZn
53489,UM1993-24-SiO:CaHMg
53492,UM1994-01-AsO:FeHSTl
53494,"(Nb,Fe)-substituted anatase"
53498,Unnamed (Se-analogue of Dantopaite)
53499,Unnamed (Partially dehydrated Arsenuranospathite)
53505,UM1994-02-CO:HNi
53506,UM1994-03-CO:HNi
53507,UM1994-04-F:OREE
53509,Unnamed (Lanthanum Oxyfluoride)
53510,UM1994-06-O:AlCo
53511,UM1994-07-O:BaCrFeMgTi
53512,UM1994-08-O:CaFeKMgTi
53513,UM1994-09-O:CrKTi
53514,UM1994-10-O:FeIrPtRh
53515,UM1994-11-O:FeIrRh
53516,UM1994-12-O:FePtRh
53517,UM1994-13-O:FeMnRu
53518,UM1994-14-O:FeIrPtRh
53519,UM1994-15-O:FePt
53520,UM1994-16-O:FePt
53521,UM1994-17-O:FePt
53522,UM1994-18-O:FePtRh
53523,UM1994-20-S:AgSn
53524,UM1994-21-S:AgTe
53525,UM1994-22-S:CuFe
53526,UM1994-24-S:Rh
53527,Unnamed (Rhodium (Iridium Nickel Iron) Sulfide)
53528,UM1994-25-SiO:AlCaFeHREEV
53529,Vanadium-bearing Spessartine
53532,UM1995-01-Bi:AgPdTe
53533,Unnamed (K sulfides solid solution)
53534,UM1995-02-CO:BaCaClFKMgNaSr
53535,UM1995-03-CO:Pb
53536,UM1995-05-E:FeMn
53538,Luxembourgite
53543,Andymcdonaldite
53545,Aluminosugilite
53548,UM1995-06-E:FeSn
53549,UM1995-07-E:PbSbSn
53550,UM1995-10-E:PtRhRu
53551,UM1995-33-S:Rh
53552,UM1995-14-N:Si
53554,UM1995-15-O:Al
53556,Laurentthomasite
53558,Kahlenbergite
53560,Scorticoite
53563,Rumoiite
53565,Shosanbetsuite
53567,Giacovazzoite
53569,Pseudomeisserite-(NH4)
53571,Fluorapophyllite-(Cs)
53573,Smamite
53574,Caseyite
53576,Langhofite
53578,Magnanelliite
53581,UM1995-16-O:AuClH
53582,Tennantite-(Zn)
53583,Tetrahedrite-(Zn)
53585,Tetrahedrite Series
53589,Tennantite-(Fe)
53590,Tetrahedrite-(Fe)
53592,Unnamed (P analogue of Chalcophyllite)
53596,Magnesium-bearing tephroite
53597,Cobalt-bearing Pentlandite
53598,Unnamed (Boron Carbide)
53599,Ferro-chloro-sadanagaite
53601,Unnamed (Fe-analogue of Emplecite)
53610,Kenoargentotetrahedrite-(Fe)
53614,UM1995-20-OH:AlMgMnNi
53616,UM1995-23-PO:BaHMgSr
53617,UM1995-24-S:AsNiSe
53618,UM1995-25-S:BiPbTe
53619,UM1995-26-S:BiPbTe
53620,UM1995-27-S:BiPbTe
53621,UM1995-28-S:BiPbTe
53622,UM1995-29-S:BiPbTe
53623,UM1995-30-S:CuFeIrNiRh
53624,UM1995-31-S:CuIrPdRhRu
53625,UM1995-32-S:FeRu
53627,UM1995-37-Se:CuHgSb
53628,Unnamed (Mn-analogue of Alluaudite)
53629,Burbankite Group
53631,UM1995-39-Se:Pd
53637,UM1995-41-SiO:AlSr
53638,UM1995-42-SiO:BaCaFeKMnNaSrTi
53639,UM1995-43-SiO:BTh
53640,UM1995-45-Te:BiSSe
53641,UM1995-46-E:AuPdPt
53642,Unnamed (Pt-Pd(Au) Alloy)
53657,Unnamed (Th-F-S-O-mineral)
53671,Lingbaoite
53672,Gmalimite
53673,Ferroefremovite
53674,Scordariite
53675,Limousinite
53676,Nishanbaevite
53677,Nazarovite
53678,Sangenaroite
53679,Patynite
53680,Taipingite-(CeCa)
53681,Dritsite
53682,Hiroseite
53683,Monchetundraite
53684,Maletoyvayamite
53685,Bianchiniite
53686,Halilsarpite
53687,Minakawaite
53688,Magnesio-lucchesiite
53689,Navrotskyite
53690,Metauroxite
53721,Grokhovskyite
53722,Fluorcarletonite
53727,Liudongshengite
53728,UM1996-01-As:PdSbTe
53729,UM1996-05-E:AgAuPd
53730,UM1996-06-E:AuCuPd
53731,UM1996-07-E:AuCuPd
53732,UM1996-08-E:CuFePt
53733,UM1996-09-E:CuPt
53734,UM1996-10-E:CuPt
53736,UM1996-15-E:PdPt
53737,UM1996-42-Te:Pt
53738,UM1996-12-E:FePt
53739,UM1996-13-E:FePt
53743,Roterbarite
53745,Unnamed (Fe3+-analogue of Piemontite)
53746,Unnamed (Fe3+ analogue of Piemontite-(Pb))
53747,Unnamed ([Ca-La]+[Al-Al-Mn] member of the Epidote Supergroup)
53748,Unnamed ([Ca-Ce]+[Al-Al-Mn] member of the Epidote Supergroup)
53749,Unnamed ([Ca-La]+[Fe3-Al-Mn] member of the Epidote Supergroup)
53750,Unnamed ([Ca-Ce]+[Fe3-Cr-Fe] member of the Epidote Supergroup)
53752,Unnamed ([Mn2-Ce]+[Al-Al-Mn] member of the Epidote Supergroup)
53753,Unnamed ([Mn2-Nd]+[Al-Al-Mn] member of the Epidote Supergroup)
53754,Percleveite-(La)
53756,Radekskodaite-(Ce)
53762,K-ferrite
53763,Ba-ferrite
53764,Johnkoivulaite-(Cs)
53765,Revdanskite
53771,Wodanite
53778,Targionite
53780,Tatarkaite
53782,Tartuffite
53792,Tazewellite
53794,Tecoretin
53796,Tecticite
53832,Tellursulphur
53835,Vittinkiite
53839,Lauraniite
53843,Ardennite-(Si)
53845,Linnaeite-Siegenite Series
53851,Fluorluanshiweiite
53854,Yurgensonite
53856,Unnamed (Re-Pb Sulphide)
53857,Unnamed (Re-Pb-Mo-Fe-Cu Sulphide)
53859,LPC UK-7
53861,Tetrahedrite-(Hg)
53862,Kodamaite
53865,Northstarite
53867,Fulbrightite
53869,Mauriziodiniite
53871,Orishchinite
53873,Viteite
53877,Windmountainite
53879,Kreiterite
53881,Oxybismutomicrolite
53887,Kingsgateite
53889,Unnamed (Se-analogue of Joséite-A)
53899,Pyrophyllite-2M
53900,Pyrophyllite-1A
53902,Xylose
53903,Ribose
53913,Lizardite-2H�?
53914,Argentotetrahedrite-(Zn)
53993,Fluorapophyllite-(NH4)
54017,Rhombohedral Carbonate
54018,Ferrisanidine
54020,Thalliomelane
54021,Esdanaite-(Ce)
54022,Melansonite
54023,Saccoite
54024,Sergevanite
54025,Polyarsite
54026,Mullerite
54027,Drechslerite
54028,Michalskiite
54029,Evseevite
54030,Bennesherite
54031,Alcantarillaite
54032,Jingsuiite
54033,Bridgesite-(Ce)
54034,Jahnsite-(NaMnMn)
54035,Chiyokoite
54036,Jahnsite-(CaMnZn)
54037,Suenoite
54038,Badengzhuite
54039,Zhiqinite
54040,Bowlesite
54041,Gorerite
54042,Alexkuznetsovite-(La)
54043,Fehrite
54044,Petrovite
54049,Piauzite
54062,UM1996-16-O:Al
54063,UM1996-17-O:CrFeNbTiV
54064,UM1996-21-O:FeMnZn
54065,UM1996-25-OH:AlCMg
54066,UM1996-27-S:AgBiPbSb
54067,UM1996-28-S:AgPbTe
54068,UM1996-29-S:AgTe
54069,UM1996-34-S:PbTe
54070,UM1996-35-S:Sb
54071,UM1996-36-Sb:Au
54072,UM1996-38-SiO:AlCaHNa
54074,UM1996-40-SiO:BaFFeHKNaTi
54075,UM1996-41-SiO:CCaCeFFeNbPbThTiU
54076,UM1997-01-As:FeIrNiS
54077,UM1997-02-As:IrOs
54078,UM1997-05-As:NiOs
54079,UM1997-29-E:CuFeOsRu
54080,UM1997-38-S:AsIrOs
54081,Iridian Dienerite
54082,UM1997-03-As:IrOsTe
54083,UM1997-54-Te:AsIrOs
54084,UM1997-56-Te:IrOsRu
54085,UM1997-04-As:IrSSe
54086,UM1997-08-AsO:CaHMg
54087,UM1997-11-AsO:CuH
54088,UM1997-12-AsO:CuH
54089,UM1997-14-AsO:FeH
54090,UM1997-15-AsO:FeH
54091,UM1997-21-AsO:HZn
54092,UM1997-46-SO:FeHKMgU
54093,UM1997-47-SO:FeHMgU
54094,UM1997-50-SiO:CaHU
54095,UM1997-22-Cl:KNa
54096,UM1997-26-CO:CaFREE
54097,UM1997-28-CO:CaHMg
54098,UM1997-30-E:CuPtSb
54099,UM1997-33-O:FeHgIrOsRu
54100,UM1997-57-Te:RhRuSb
54101,UM1997-34-O:FeIrOsRu
54102,UM1997-40-S:CuFeIrNiOsRh
54103,UM1997-41-S:CuFeKNiPbTl
54104,UM1997-42-S:CuFeKNiPbTl
54105,UM1997-43-S:Fe
54106,UM1997-44-S:FeK
54110,UM1997-55-Te:BiPd
54111,Ellinaite
54113,Adanite
54114,Philippinite
54124,UM1998-04-CO:CaCeF
54125,UM1998-05-CO:CaCeF
54126,UM1998-06-CO:CaCeF
54127,UM1998-07-CO:CaCeF
54128,UM1998-08-CO:CaCeF
54129,UM1998-09-CO:CaCeF
54130,UM1998-12-S:AgBiCuPb
54132,UM1998-17-SO:AlHNaPSr
54133,UM1998-18-Se:AgBi
54134,UM1998-20-SiO:BeCaHREEY
54135,UM1998-22-Te:BiFeNiPd
54136,UM1998-23-Te:BiNiPdSb
54137,UM1999-01-As:CuIrPdPtRh
54138,UM1999-26-S:CuPtRh
54140,UM1999-07-E:AuCuPt
54141,UM1999-08-E:AuHgPd
54142,UM1999-27-S:FeIrNiOsRu
54144,UM1999-15-O:IrOsRu
54145,UM1999-19-PO:FeKMnNa
54147,UM1999-22-S:CuFeInSnZn
54148,UM1999-23-S:CuFeSnZn
54149,UM1999-25-S:CuIrNiRh
54150,UM1999-30-Si:AlFe
54151,UM1999-31-Si:REE
54154,UM1999-35-SiO:Ca
54155,UM2000-01-E:AuCuFePd
54156,UM2000-20-E:PbPdTe
54157,UM2000-75-Te:AsFePd
54158,UM2000-76-Te:CuFePdPt
54159,UM2000-77-Te:FePbPd
54160,UM2000-02-E:AuCuHgSn
54161,UM2000-03-E:AuCuHgSn
54167,UM2000-07-E:CrFeNi
54168,UM2000-08-E:CrFeNi
54169,UM2000-09-E:CuFeNiPtRh
54170,UM2000-14-E:FeIrNi
54171,UM2000-15-E:FeIrNi
54172,UM2000-16-E:FeIrNi
54173,UM2000-17-E:FeIrNi
54174,UM2000-18-E:FeIrNiOs
54175,UM2000-19-E:FeNiPtRh
54176,UM2000-21-E:Ti
54204,UM2000-27-O:BiPd
54205,UM2000-35-O:FeNbScTaTi
54207,UM2000-42-P:CrFeNi
54208,UM2000-44-S:AgAsPbSb
54209,UM2000-45-S:AgAsSb
54210,UM2000-04-E:AuCuPd
54211,UM2000-48-S:CuPdPt
54213,UM2000-50-S:FeRh
54214,UM2000-51-S:PdPt
54216,UM2000-61-SiO
54221,UM2000-63-SiO:BaHKNaNbSrTi
54222,UM2000-65-SiO:CaCe
54224,UM2000-68-SiO:CaHKNaNbTi
54232,Grammatikopoulosite
54235,Unnamed (Mn3+-dominant analog of Sugilite)
54239,Titanohematite
54240,Dutrowite
54242,Arrheniusite-(Ce)
54244,Liraite
54246,Seaborgite
54249,Celleriite
54253,Michitoshiite-(Cu)
54270,Hagstromite
54272,Waipouaite
54274,Eliopoulosite
54276,Kesebolite-(Ce)
54278,Ramosite
54288,UM2000-79-O:CaFeMnNbREEThTiZr
54290,UM2001-01-As:HgPbPd
54291,Caesian Bazzite
54292,UM2001-02-As:IrNiPdRhS
54296,UM2001-09-O:CaNbREESiTiY
54297,UM2001-12-S:AgBiCuPb
54298,UM2001-13-S:AsCuSbZn
54299,UM2001-14-S:AsCuSbZn
54300,UM2001-15-S:CuFePtRh
54301,UM2001-16-S:CuSnZn
54303,UM2001-19-SiO:AlCaMgNa
54304,UM2001-23-SiO:CaHU
54305,UM2002-02-COH:FeNi
54306,UM2002-03-O:AuHgPd
54307,UM2002-08-O:CuPd
54308,UM2002-11-O:PdPtSe
54309,UM2002-30-Se:BiPd
54310,UM2002-37-Se:HgPd
54311,UM2002-38-Se:Pd
54313,UM2002-05-O:CrTiV
54314,UM2002-06-O:CrTiV
54315,Unnamed (Vanadium Titanium Oxide 1)
54316,Unnamed (Vanadium Titanium Oxide 2)
54317,UM2002-12-OS:CuFe
54320,UM2002-15-S:BiCuFePb
54321,UM2002-16-S:CrFeHO
54322,UM2002-17-S:CrHO
54323,UM2002-18-S:CrHO
54324,UM2002-22-S:CuFeNa
54325,UM2002-25-S:FeGaMnZn
54326,UM2002-20-S:CuFeIrNiPtRh
54327,UM2002-24-S:CuNiRh
54328,UM2002-19-S:CuFeIrNiPtRh
54329,UM2002-45-Te:AgBiPdSb
54330,UM2002-23-S:CuFeZn
54331,UM2002-27-S:Rh
54332,UM2002-50-Te:PdPtRhS
54333,UM2002-28-Se:AsCoCuNi
54334,UM2002-29-Se:AsCoCuNi
54335,UM2002-31-Se:CdHg
54336,UM2002-32-Se:CdHg
54337,UM2002-33-Se:CdHg
54338,UM2002-34-Se:CdHg
54339,UM2002-35-Se:CdHg
54341,Posepnyite
54343,Meifuite
54344,Dutkevichite-(Ce)
54345,Niasite
54346,Dobrovolskyite
54347,Keplerite
54348,Tilkerodeite
54349,Fleetite
54350,Chukochenite
54351,Poirierite
54352,Zaykovite
54355,Uvite
54356,Rhabdoborite-(Mo)
54359,Popugaevaite
54360,Freitalite
54361,Alexkuznetsovite-(Ce)
54362,Biagioniite
54363,Jasonsmithite
54364,Johanngeorgenstadtite
54365,Grguricite
54366,Chukotkaite
54367,Luborzakite
54368,Cuyaite
54369,Brattforsite
54375,Unnamed (Sodium Thiosulfate Pentahydrate)
54376,Unnamed (Potassium Sodium Dithionate Chloride)
54377,Unnamed (Ammonium Sulfate Nitrate)
54380,UM2002-39-SiO:AlCaFeHMg
54381,UM2002-40-SiO:AlCaHKMgNa
54382,UM2002-42-SiO:CaFeTi
54384,UM2002-43-SiO:CaHNaZr
54386,UM2002-46-Te:BiNiPdSb
54387,UM2002-47-Te:NiPdSb
54388,UM2002-48-Te:NiPdSb
54389,UM2002-49-Te:NiPdSb
54390,UM2002-51-Se:PdPt
54391,UM2002-53-PO:CaHPb
54392,Shuiskite Subgroup
54407,UM2003-01-AsO:AlCuFeMg
54408,UM2003-02-AsSNiRu
54409,UM2003-04-E:C
54410,UM2003-05-E:CuFeIrPtRh
54411,UM2003-06-E:FeIrNiOsRu
54412,UM2003-07-E:FeIrOsPtRu
54413,UM2003-08-O:AlCaFeREEScTiV
54414,UM2003-09-O:BaFePbTi
54416,UM2003-12-O:Pd
54417,UM2003-21-Se:AsPdPt
54440,UM2003-15-S:AgCuTe
54443,UM2003-18-S:CuFeHNaO
54444,UM2003-19-S:CuFe
54445,UM2003-20-SO:CuHZn
54446,UM2003-22-Si:AlCaFe
54447,UM2003-23-Si:AlCaFe
54448,UM2003-24-Si:AlFe
54449,UM2003-25-Si:Ca
54450,UM2003-26-Si:FeTi
54452,UM2003-27-SiO:AlCsFFeHLi
54453,UM2003-28-SiO:AlCsFFeHMg
54454,UM2003-30-SiO:AlFLiRb
54455,UM2003-31-SiO:AlHFeRb
54458,UM2003-34-SiO:CaFFeMnNaNbTiZr
54461,UM2003-37-SiO:HMnSbZn
54462,UM2003-40-As:NiPd
54463,UM2003-41-As:PdSb
54464,UM2003-43-S:CuFePdPt
54465,UM2003-44-S:CuPdPt
54466,UM2004-01-As:FeIrPtSSb
54467,UM2004-02-As:FePtSb
54468,UM2004-35-S:AsCuFePdPtSb
54469,UM2004-36-S:AsFeOsPtRh
54470,UM2004-41-S:CuFeIrPbPt
54471,UM2004-42-S:CuFePdPtRh
54473,UM2004-04-AsTe:Pd
54474,UM2004-52-Te:AsPd
54475,UM2004-53-Te:AsPd
54476,UM2004-05-Bi:Pd
54477,UM2004-40-S:CuFeIrPbPdRh
54478,UM2004-06-E:AgCuHgPdTe
54479,UM2004-15-E:CuPdTe
54480,UM2004-16-E:FePd
54481,UM2004-55-Te:PdRh
54482,UM2004-07-E:AgHg
54483,UM2004-09-E:CuFeNiPt
54484,UM2004-10-E:CuNiPt
54485,UM2004-12-E:CuPdPt
54486,UM2004-13-E:CuPdPt
54487,UM2004-14-E:CuPdPt
54489,UM2004-22-O:CuFePdPt
54490,UM2004-23-O:CuFePdPt
54491,UM2004-24-O:CuPd
54492,UM2004-25-O:FeHPt
54493,UM2004-29-OH:FePt
54494,UM2004-26-O:FeMnTi
54495,UM2004-38-S:CoCuFeNiPtRh
54496,UM2004-39-S:CoCuFePtRh
54498,UM2004-34-S:AgCuTe
54499,UM2004-32-S:AgCuFePdPtSnTe
54500,UM2004-43-S:CuIrOs
54502,UM2004-46-Se:PdS
54503,UM2004-47-SiO:AlCaNa
54504,UM2004-48-SiO:AlClCaNaS
54505,UM2004-54-Te:NiPdSb
54506,UM2004-56-OS:BiCuPb
54507,UM2005-03-AsSiO:CaCoHNi
54508,UM2005-04-Bi:Pd
54510,UM2005-17-O:CuFePdPt
54511,UM2005-18-O:FeIrRh
54512,UM2005-19-O:IrOs
54513,UM2005-20-OH:CuIrOsRh
54514,UM2005-21-OH:FeIrPtRh
54515,UM2005-22-OH:IrPtRh
54516,UM2005-24-S:FeIrNi
54517,UM2005-25-Sb:BiPd
54532,UM2005-23-S:AsPt
54534,UM2005-28-SiO:AlCaFeHMn
54535,UM2005-33-Te:AgBiPd
54542,UM2006-01-COPO:FNa
54543,UM2006-02-E:HgPdPt
54547,UM2006-05-O:CaFeKMnNaREESrTiZr
54548,UM2006-06-O:CaFeKMnNaREESrTiZr
54549,UM2006-07-O:CaFeKMnNaREESrTiZr
54550,UM2006-08-O:CaFeKMnNaREESrTiZr
54551,UM2006-09-O:CaFeMnREESrTiZr
54553,Ti Salite
54562,UM2006-10-S:AsIrOs
54563,UM2006-12-Sb:Pd
54565,UM2006-14-SiO:AlCaHMnREE
54568,Unnamed (M4-vacant Sodium Calcium Manganese Zirconium Iron Silicon Hydroxyl Hydrated Eudialyte Group Species)
54570,Arsenotucekite
54571,Pyradoketosite
54577,Titanium-bearing Diopside
54578,Unnamed (Possible Samarium Chloride)
54579,Unnamed (Magnesium Aluminium (Titanium) Silicon (Zirconium) Oxide)
54580,Unnamed (Zirconium Phosphide)
54586,Chamosite-Pennantite Series
54587,Titanium-bearing Garnet
54591,UM2006-20-VO:AsHMnSi
54592,UM2006-21-VO:AsHMnSi
54602,Richardsite
54605,UM2006-23-PO:AlBiCaFeH
54606,UM2006-24-PO:AlCuFeH
54607,UM2006-25-PO:AlFeHZn
54608,UM2006-26-PO:CuFeH
54613,UM2006-33-Te:AgBiNiPdPt
54614,UM2006-35-PO:HPbREEY
54615,UM2007-07-AsO:BaFeHK
54616,UM2007-08-AsO:FeHSn
54617,UM2007-09-Bi:PdPtSb
54618,UM2007-10-E:CuPtSn
54619,UM2007-32-Sb:BiCuPtSn
54620,UM2007-11-E:FeIrNiOsRu
54621,UM2007-12-E:FeIrNiOsRu
54622,UM2007-13-E:FeIrNiOsRu
54623,UM2007-15-E:FeIrNiPt
54624,UM2007-14-E:FeIrNiOsRu
54625,Scandium-bearing Spessartite
54626,Scandium-bearing Tusionite
54627,Ammoniotinsleyite
54633,"Mineral B (""oyelite-like"" mineral)"
54635,Tomamaeite
54637,Pokhodyashinite
54639,Nioboheftetjernite
54641,Trebiskyite
54643,Natrosulfatourea
54647,Heamanite-(Ce)
54649,Priscillagrewite-(Y)
54651,Manganoarrojadite-(KNa)
54653,Crocobelonite
54655,Bimbowrieite
54657,Plumboperloffite
54660,Erythrite-Köttigite Series
54661,Unnamed (Au Telluride-Selenide)
54662,Unnamed (Au Telluride-Sulphide)
54663,Unnamed (Se Telluride)
54665,Unnamed (Au Telluride-Selenide-Sulphide)
54667,Ferro-papikeite
54912,Goldfieldite Subgroup
54913,Hakite Subgroup
54916,UM2007-17-PO:CaClCuHNa
54919,UM2007-34-SeOTeO:BiH
54921,UM2007-38-SiO:ClFFeHMgREE
54923,UM2007-45-PO:AlHCaKNaSiTh
54924,UM2007-46-SiO:CaHREEThTi
54925,UM2007-47-SiO:HKNaTh
54926,UM2007-48-SiO:HNaSrThTi
54927,UM2007-49-SiO:HNaSrThTi
54928,Sincosite (triclinic polytype)
54929,Thallium-bearing Alum-(K)
54930,Thallian Voltaite
54932,UM2008-02-As:IrNi
54933,UM2008-03-AsS:IrOs
54934,UM2008-04-AsS:IrOsRu
54935,UM2008-12-E:CuFeIr
54936,UM2008-13-E:CuFeIrNiOsRu
54937,UM2008-14-E:CuFeIrNiOsRu
54938,UM2008-15-E:CuFeIrNiOsRu
54939,UM2008-16-E:CuFeIrOsRu
54940,UM2008-17-E:CuFeOsRu
54941,UM2008-18-E:CuIrNi
54942,UM2008-21-E:FeIrNiRu
54943,UM2008-24-E:IrNiOsRu
54944,UM2008-41-S:AsIrOsRu
54945,UM2008-44-S:CuFeIrNiOs
54946,UM2008-45-S:CuFeIrNiOsRhRu
54947,UM2008-46-S:CuIrNiOs
54948,UM2008-47-S:CuIrNiRh
54949,UM2008-48-S:CuIrOsRu
54951,UM2008-06-Bi:AgAuTe
54952,UM2008-09-E:AgAuCu
54953,UM2008-10-E:AuNi
54954,UM2008-19-E:CuPdPt
54955,UM2008-25-E:PdPt
54958,UM2008-07-CO:AlBCaHSSi
54959,UM2008-08-CO:BaCaNaREESr
54960,UM2008-22-E:FePt
54961,UM2008-23-E:FePt
54965,UM2008-29-F:CoFeHN
54966,UM2008-31-F:FeHOSi
54967,UM2008-33-O:BaSiTi
54968,UM2008-36-O:CuFeNiPdPtSi
54971,UM2008-39-S:AgBiPb
54972,UM2008-40-S:AgBiPb
54973,UM2008-42-S:AsPbSb
54974,UM2008-50-SO:HMgNa
54976,UM2008-52-SiO:AlBCaFFeHLiMgNa
54977,UM2008-55-Te:BiPdSb
54979,UM2009-01-As:IrNiRhRuS
54980,UM2009-03-As:PdTe
54981,UM2009-04-AsS:IrOsRu
54982,UM2009-10-E:FeIrNiPt
54983,UM2009-12-S:AsIrOsPtRu
54984,UM2009-13-S:AsIrOsRu
54985,UM2009-15-S:CuFeRhRu
54986,UM2009-16-S:CuIrOs
54987,UM2009-18-S:CuPdPtTe
54991,UM2009-05-E:CuPdSnTe
54993,UM2009-30-Te:CuFePbPdS
54994,UM2009-31-Te:Pd
54995,UM2009-06-E:FeIrNi
54996,UM2009-07-E:FeIrNi
54997,UM2009-08-E:FeIrNi
54998,UM2009-09-E:FeIrNi
54999,UM2009-19-S:FeIrNiOsRu
55000,UM2009-20-S:FeIrNiOsRu
55002,Unnamed (Zirconium Monohydroxyorthophosphate Tetrahydrate)
55004,UM2009-29-Te:Bi
55007,UM2009-23-SiO:AlCCaClHKNaS
55011,UM2009-33-SiO:AlKMgTi
55015,Unnamed (Monoclinic Polymorph of Calcium Carbonate)
55027,Bahariyaite
55028,Gungerite
55029,Muonionalustaite
55030,Calcioveatchite
55031,Svetlanaite
55032,Saranovskite
55033,Wildcatite
55034,Biraite-(La)
55036,Shakhdaraite-(Y)
55037,Kishonite
55038,Puttapaite
55039,Anastasenkoite
55040,Monteneroite
55041,Selenolaurite
55042,Magnesiohogbomite-6N12S
55043,Zinkgruvanite
55044,Krupickaite
55045,Allantoin
55049,Panskyite
55050,Unnamed (Ca analogue of Merlinoite)
55051,Unnamed (3-layer Pyrrhotite Group Polymorph)
55052,Unnamed (Rhodium Sulfide)
55053,Unnamed (Fe-Pt alloy)
55054,Unnamed (Platinum Telluride)
55058,Unnamed (Tl Arsenate I)
55059,Unnamed (Tl Arsenate II)
55071,Ba Feldspar
55076,Ba Zeolite
55091,Katsarosite
55093,Hasanovite
55095,Hrabakite
55097,Manganobadalovite
55099,Bojarite
55102,Thunderbayite
55104,Kufahrite
55106,Airdite
55108,Auerbakhite
55110,Argentopearceite
55112,Magnesioalterite
55114,Botuobinskite
55116,Mirnyite
55119,Merrillite Subgroup
55121,Bleispiegel
55126,Unnamed (Cs-Al Phosphate)
55127,Unnamed (W-Cs-Metal Oxide-Hydroxide)
55129,Ferriprehnite
55136,Kernowite
55154,Myrmekite
55160,Odikhinchaite
55164,Gasparite
55190,Hydromica
55210,Orbicular diorite
55222,Moxuanxueite
55224,Kuvaevite
55225,Whiterockite
55227,Torryweiserite
55229,Vargite
55231,Galeaclolusite
55233,Ermakovite
55235,Palladothallite
55237,Alicewilsonite-(YCe)
55239,Mckelveyite Group
55240,Princivalleite
55242,Nakkaalaaqite
55244,Grimmite
55246,Zvestovite-(Zn)
55248,Kenoargentotennantite-(Fe)
55250,Tennantite-(Hg)
55253,Bainbridgeite-(YCe)
55255,Davemaoite
55257,Oreillyite
55259,Alumino-oxy-rossmanite
55263,Iridescent coating
55270,Zolenskyite
55272,Unnamed (Nd-dominant Gasparite)
55280,Unnamed (Fe3+-analogue of Gatelite-(Ce))
55291,Unnamed (Fe3+-analogue of Piemontite-(Sr))
55296,Unnamed (Co2+-dominant analogue of ferrohögbomite-2N2S)
55297,Vanadium-bearing Illite
55305,Kenoargentotetrahedrite-(Zn)
55306,Argentotetrahedrite-(Hg)
55307,Xuite
55309,Hydroxymcglassonite-(K)
55311,Donowensite
55313,Mikehowardite
55316,Makotoite
55318,Thebaite-(NH4)
55320,Devilliersite
55322,Uranoclite
55325,Unnamed (Ce-Ti Oxide)
55326,Unnamed (Ca-deficient Mosandrite)
55328,Nitscheite
55329,Parahibbingite
55332,Zolotarevite
55335,Chromium-bearing Chamosite
55336,Hedyphane-Mimetite Series
55343,Unnamed (Tl-Cu Arsenide-Sulphide)
55344,Unnamed (Tl-Sn Arsenide-Sulphide)
55345,Unnamed (Tl Arsenide-Sulphide)
55366,Biraite
55372,Haitaite-(La)
55373,Dobsinaite
55374,Bobfinchite
55375,Yuzuxiangite
55376,Ferri-hellandite-(Ce)
55377,Elgoresyite
55378,Phosphocyclite-(Fe)
55379,Phosphocyclite-(Ni)
55380,Sluzhenikinite
55381,Protocaseyite
55382,Shagamite
55383,Moabite
55384,Graulichite-(La)
55385,Yakubovichite
55386,Tennantite-(Cu)
55409,Unnamed (α-Calcium Formate)
55428,Unnamed (U-Ca Fluoride-Oxide(?))
55436,Unnamed (Ca Hydrogen Phosphate Hydrate)
55438,Liguowuite
55439,Tamuraite
55440,Garpenbergite
55441,Paratobermorite
55442,Relianceite-(K)
55443,Dendoraite-(NH4)
55444,Stibiogoldfieldite
55445,Wenjiite
55449,Kangjinlaite
55450,Beershevaite
55451,Karlditmarite
55452,Milkovoite
55453,Ryabchikovite
55454,Steudelite
55455,Oberwolfachite
55456,Lisanite
55457,Erssonite
55518,Unnamed (Cu Arsenide-Sulphide)
55519,Unnamed (Ni Arsenide II)
55521,Chlorine-bearing biotite
55522,Unnamed (Ti-N-O-C)
55525,Köfelsite
55528,Unnamed (Ag-Pb-Te-S)
55529,Unnamed (Ag-Au-Te-S)
55530,Unnamed (Pb-Bi-Se-S-Te)
55531,Unnamed (Bi Telluride VII)
55532,Gachingite
55533,Calciohatertite
55534,Tennantite-(Ni)
55535,Tomiolloite
55536,Shasuite
55537,Illoqite-(Ce)
55538,Paramarkeyite
55539,Zoisite-(Pb)
55540,Nabateaite
55541,Pseudodickthomssenite
55542,Samraite
55543,Sapozhnikovite
55544,Tetrahedrite-(Ni)
55545,Qeltite
55546,Sergeysmirnovite
55547,Goldhillite
55548,Igelstromite
55549,Betzite
55550,Unnamed (Cu Sulphide)
55551,Unnamed (Au-O-OH)
55559,Cali glass
55560,Unnamed (Mn-Fe-Pb-Sb Oxyhydroxide)
55562,Unnamed (Nickel Iron Sulfide)
55563,Aluminosilicate
55565,Clinoamphibole
55567,Orthoamphibole
55572,Unnamed (Ag-Cu-As Sulphide)
55573,Unnamed (Ammonium Iron(III) Sulfite)
55574,Unnamed (Ammonium Iron(II) Sulfite)
55585,Vesbine
55594,Kiryuite
55595,Haleniusite-(Ce)
55596,Flaggite
55597,Alicewilsonite-(YLa)
55598,Dondoellite
55599,Whiteite-(MnMnMn)
55600,Gismondine-Sr
55601,Nitroplumbite
55602,Ferroberaunite
55603,Savelievaite
55604,Radvaniceite
55605,Tombstoneite
55606,Aldomarinoite
55607,Kaznakhtite
55608,Scenicite
55609,Dongchuanite
55610,Cuprodongchuanite
55611,Ozernovskite
55612,Colomeraite
55613,Pomite
55614,Pseudopomite
55615,Shimenite
55616,Dewitite
55627,Chlorine-bearing Ferro-Hornblende
55628,Chlorine-bearing Hastingsite
55629,Chlorine-bearing Chamosite
55630,Unnamed (Pt-Cu-Sn Alloy)
55633,Unnamed (V-analogue of Celadonite)
55642,Magnomagnetite
55646,Zinc-bearing Magnetite
55677,Ferrotorryweiserite
55683,Mikecoxite
55684,Lepersonnite-(Nd)
55685,Penriceite
55686,Matthiasweilite
55687,Reznitskyite
55688,Jingwenite-(Y)
55689,Redmondite
55690,Paulgrothite
55691,Hydroredmondite
55692,Stibioustalecite
55693,Pertoldite
55694,Oldsite-(K)
55695,Madeiraite
55696,Petermegawite
55697,Xuwenyuanite
55698,Bortolanite
55700,Bixbyite-(Fe)
55704,Unnamed (Mercury Sulfate Sulfoxide)
55706,Vanadium-bearing Rutile
55707,Unnamed (Vanadium Titanium Oxide)
55708,Unnamed (Mn Analogue of Hingganite-(Y))
55709,Arsenogoldfieldite
55711,Tennantite-(In)
55716,Schlier
55727,Nadelpyrit
55728,Niobium-bearing Brookite
55729,Bastnäsite-Vaterite Homologous Series
55733,Unnamed (Rhenium (Molybdenum) Sulfide)
55734,Unnamed (Rhenium (Molybdenum Copper Iron Osmium Platinum) Sulfide)
55735,Unnamed (Rhenium Sulfide 1)
55736,Unnamed (Rhenium Sulfide 2)
55737,Unnamed (Lead (Rhenium Zinc) Sulfide)
55738,Unnamed (Lead (Rhenium Iron) Sulfide 1)
55739,Unnamed (Lead (Rhenium Iron) Sulfide 2)
55741,Unnamed (Tin Antimony Sulfide)
55742,Unnamed (Bismuth Sulfide)
55752,Slyudyankaite
55754,Kozlowskiite
55755,Medvedevite
55756,Tennantite-(Cd)
55757,Hoslite
55758,Gurzhiite
55759,Bolotinaite
55760,Sulfatoredmondite
55761,Calcioancylite-(La)
55762,Cubothioplumbite
55763,Hexathioplumbite
55764,Ferrofettelite
55765,Franksousaite
55766,Mariakrite
55767,Tetrahedrite-(Mn)
55770,Ústalečite Subgroup
55809,Cummingtonite-Grunerite Series
55905,Rainbow Lattice Sunstone
55908,Argentopolybasite
55910,Phantomquarz
55911,Argentopolybasite-T2ac
55921,Sandbergerite
55923,Elliottite
55930,Unnamed (Ir-Os Selenide)
55948,Arsenoveszelyite
55950,Rudolfhermannite
55953,Nafeasite
55955,Amgaite
55957,Shinarumpite
55959,Carbocalumite
55961,Paradimorphite
55963,Murphyite
55965,Deynekoite
55967,Lead-bearing Tennantite
55969,Lead-bearing Tetrahedrite
55971,Griffinite
55972,Poellmannite
55973,Magneliite
55974,Magganasite
55975,Pseudobrookite Group
55987,Unnamed (Fe-analogue of Weilerite and Ba-analogue of Oberwolfachite)
55989,Allalin-gabbro
56012,Kenorozhdestvenskayaite-(Fe)
56015,Rainbow Garnet
56017,Dongchuanite Group
56019,Gysinite-(La)
56022,Fluorpyromorphite
56024,Ziroite
56025,Sassite
56026,Louisfuchsite
56027,Fluorsigaiite
56029,Bounahasite
56030,Haywoodite
56031,Sarrochite
56032,Kabalovite
56033,Loomisite
56034,Oxyyttrobetafite-(Y)
56035,Nazarchukite
56036,Wodegongjieite
56037,Cuprozheshengite
56038,Tolstykhite
56039,Scandio-winchite
56040,Chihmingite
56041,Zheshengite
56042,Hanahanite
56049,Unnamed (Pd-Bi-Se phase I)
56050,Unnamed (Pd-Bi-Se phase II)
56063,Evanichite
56065,Magnesiohögbomite subgroup
56066,Ferrohögbomite subgroup
56070,Zinconigerite subgroup
56075,Unnamed (Ba Chloride)
56079,Vanadium-bearing phlogopite
56110,Mizraite-(Ce)
56111,Selsurtite
56112,Toledoite
56113,Unnamed (Mg Phosphate Hydrate)
56116,Tomsquarryite
56145,Potassic-ferri-kaersutite
56147,Ixiolite-(Fe2+)
56148,Ixiolite-(Mn2+)
56150,Columbite Supergroup
56152,Ermeloite
56153,Raydemarkite
56154,Cherokeeite
56155,Hayelasdiite
56156,Zincochenite
56157,Boojumite
56158,Finescreekite
56159,Kennygayite
56160,Pilipenkoite
56161,Heimite
56162,Mazorite
56163,Tianhongqiite
56164,Iskandarovite
470364,Paulingite Subgroup
470366,Shijiangshanite
470369,Changesite-(Y)
470374,Borzeckiite
470375,Piemontite-Epidote Series
470377,Bergerit
470378,Zincorietveldite
470379,Chenowethite
470380,Alumolukrahnite
470381,Chinleite-(Nd)
470382,Pohlite
470385,Unnamed (Nickel Telluride)
470386,Unnamed (Nickel-Iron Alloy)
470388,Deltanitrogen
470389,Tennantite-(Mn)
470390,Argentotetrahedrite-(Cd)
470392,Hanswilkeite
470395,Bakakinite
470397,Zhengminghuaite
470402,Kayupovaite
470404,Zhenruite
470407,Auroselenide
470410,Pendevilleite-(Y)
470412,Jedi spinel
470413,Protographite
470430,Gunmaite
470431,Asagiite
470432,Unnamed (Cu-Ag Sulphide V)
470435,Caymanite
470436,Mansjöite
470448,Bismuth-bearing teremkovite
470460,Tianhuixinite
470461,Elaliite
470462,Elkinstantonite
470463,Yeite
470464,Stanevansite
470465,Ruizhongite
470466,Olsenite
470469,Unnamed (Mercury Sb-Sulphide)
470470,Unnamed (Zn-In-Cu-Fe Sulphide)
470471,Berner Sandstein
470473,Nioboixiolite-(Mn2+)
470475,Zvestovite-(Fe)
470476,Hakite-(Fe)
470477,Tetrahedrite-(Cu)
470478,Unnamed (Ba aluminate)
470479,Ikorskyite
470481,Monazite-(Gd)
470483,Bernardevansite
470485,Driekopite
470487,Liangjunite
470489,Cuprodobrovolskyite
470492,Libbyite
470493,Cuprocherokeeite
470494,Antipovite
470496,Pleysteinite
470497,Zipserite
470498,Sidorovite
470499,Napoliite
470500,Whiteite-(CaMnFe)
470501,Ferro-bosiite
470502,Pengite
470503,Novikovite
470531,Jian forsterite jade
470532,Crocobelonite-1M
470594,UM2022-01-O:CaUTiW
470595,UM2022-02-F:CaMgAl
470596,UM2022-03-F:CaAl
470597,Tungsten-bearing Wodginite
470598,Tantalum-bearing cassiterite
470599,Niobium-bearing Ferberite
470600,Tantalum-bearing Rutile
470601,Fabritzite
470602,Nioboixiolite-([])
470603,Andrieslombaardite
470604,Fluoralforsite
470605,Tzeferisite
470607,Plumbogaidonnayite
470608,Manganese-bearing Hematite
470610,Okruginite
470611,Manuelarossiite
470612,Ezochiite
470613,Mikenewite
470614,Hokkaidoite
470615,Nacareniobsite-(Y)
470616,Wortupaite
470617,Ginelfite
470618,Wangpuite
470619,Schneekopfkugel
470622,Yellow Seal Stone
470647,Unnamed (Ru-Pb-Ag Bismuthide)
470648,Talc-chlorite
470650,Unnamed (Ag-Cr Sulphide)
470651,Unnamed (Fe-Cr Sulphide Hydrate)
470660,Unnamed (Pb-Ag-Cu-Fe Sulphide)
470673,Scandium-bearing Actinolite
470679,Tartarosite
470680,Beryllocordierite-Na
470681,Sachanbinskiite
470682,Holubite
470683,Lazerckerite
470684,Vranciceite
470685,Tetrahedrite-(Cd)
470686,Arsenoustalecite
470687,Downsite
470688,Yuchuanite-(Y)
470689,Wenlanzhangite-(Y)
470690,Manganrockbridgeite
470691,Ebnerite
470692,Guangyuanite
470693,Lasmanisite
470694,Vielleaureite-(Ce)
470695,Manganoschafarzikite
470696,Heflikite
470697,Natromolybdite
470698,Letnikovite-(Ce)
470699,Kalyuzhnyite-(Ce)
470701,Anorthoyttrialite-(Y)
470702,Montpelvouxite
470703,Jimkrieghite
470704,Sardashtite
470705,Hochleitnerite
470706,Skachaite
470707,Interliveingite
470717,UM2014-Cu:Ag:Hg:S
470721,Unnamed (OH-analogue of humite)
470734,Virgilluethite
470742,Thoriopyrochlore
470753,Quintinite-2T
470755,Calcium-bearing Rhodochrosite
470758,Unnamed (Silver Carbonate)
470759,Unnamed (Native Germanium)
470760,Unnamed (Nickel Germanide)
470761,Unnamed (Nickel Germanide (Arsenide))
470762,Unnamed (Nickel Germanide (Antimonide))
470763,Unnamed (Nickel Sulfide (Germanide))
470764,Unnamed (Iron Germanium Oxide)
470766,Titanian Troilite
470770,Fluorbritholite-(Nd)
470773,Batoniite
470775,Maurogemmiite
470776,Paulrobinsonite
470777,Kristjanite
470778,Mangani-eckermannite
470779,Rewitzerite
470780,Pilanesbergite
470781,Theuerdankite
470782,Perchiazziite
470783,Kanatzidisite
470784,Lianbinite
470789,Aluminotaipingite-(CeCa)
470799,Moqi agate
470810,Argentopolybasite-M2a2b2c
470811,Natronmelilite
470819,Unnamed (Cu-Bi-Fe-Te-O mineral)
470820,Unnamed (Zinc Chlorohydroxosulfate)
470821,Unnamed (Sodium Potassium Sulfate)
470822,Unnamed (Magnesium (Iron Calcium) Trisilicate)
470823,Unnamed (Cu Sulphide II)
470825,Duporthite
470827,Enricofrancoite
470828,Magnesio-dutrowite
470829,Bainbridgeite-(NdCe)
470830,Ferrodimolybdenite
470831,Masaitisite
470832,Wiperamingaite
470833,Alfredcasparite
470834,Paramolybdomenite
470835,Magnesioqingheiite
470836,Shinichengite
470837,Naalasite
470838,Regerite
470839,Viskontite
470840,Wangkuirenite
470841,Paulisite
470842,Gysinite-(Ce)
470844,Lumu stone
470845,Unnamed (Silver Copper Bismuth Sulfide)
470846,Unnamed (Rhenium Sulfide 3)
470847,Unnamed (Ir Sulphide)
470850,Unnamed (Magnesium Titanium(III) Aluminium Silicate)
470852,'Unnamed (Cu-Mg-Silicate)'
470854,Chromium-bearing Clinopyroxene
470863,Unnamed (Fe3+-analogue of Fletcherite)
470866,REE-bearing Ilmenite
470867,Monazite-(Ce)-Huttonite Series
470868,Thorite-Coffinite Series
470869,Antimonian Zincian Plumboan Chamosite
470870,Stannian Cuprian Hematite
470871,Stannian Cuprian Antimonian Hematite
470872,Titanian biotite-4M3
470873,Chlorannite
470877,Ronpetersonite
470878,Andreybulakhite
470879,Vadlazarenkovite
470880,Baiamareite
470881,Cloudite
470883,Hayyanite
470884,Buynite
470885,Peterchinite
470886,Vallouiseite
470887,Colchesterite
470888,Edwindavisite
470889,Jianmuite
470893,Selenojunoite
470894,Niobobaotite
470895,Ammonian Fluorapophyllite-(K)
470896,Unnamed (Al-Cu Alloy)
470897,Unnamed (Ni-Fe-Pt Alloy)
470902,Methane
470903,Unnamed (Pb-Cu-Al-Si-O)
470904,Chrysotile asbestos
470915,Undefined pseudomorph after sodalite
470917,Unnamed (Ammonium(?) Iodobismuthate)
470920,Stannian Niobian Tantalan Scandian Titanite
470923,Amoraite
470924,Karwowskiite
470925,Hydroxylbenyacarite
470926,Vanpeltite
470927,Dmitryvarlamovite
470928,Natromelansonite
470929,Sarvodaite
470930,Ootannite
470931,Dinilawiite
470932,Clogauite
470933,Clogauite-24H
470934,Clogauite-36H
470935,Clogauite-12H
470936,Zilbermintsite-(La)
470937,Yttrotungstite-(Nd)
470938,Macraeite
470939,Epiebnerite
470940,Alvesite
470941,Gajardoite-(NH4)
470943,Glecklerite
470944,Unnamed (Zirconium Titanium Oxide)
470952,Nabalamprophyllite-2O
470962,Sulfur-bearing Katoite
470968,Unnamed (Pb-analogue of Nickelaustinite)
470969,Rectorite-K
470971,Manganese-bearing feroxytyte
470972,Iron-bearing vernadite
470973,Unnamed (Manganese REE Oxide)
470974,Unnamed (Aluminium Titanium Zirconium Oxide)
470975,Unnamed (Titanium Manganese (Iron) Silicide)
470986,Ferrimuirite
470987,Giuscaite
470988,Manganohatertite
470989,Carboferriphoxite
470990,Ferriphoxite
470991,Kvacekite
470992,Moragite
470993,Nipeiite-(Ce)
470994,Cafeosite
470995,Reckibachite
470996,Geuerite
470997,Desorite
470998,Lednevite
470999,Selenodantopaite
471000,Xenotime-(Gd)
471001,Mampsisite
471002,Lebedevite
471003,Skogbyite
471004,Bayanoboite-(Y)
471005,Chinnerite
471006,Amableite-(Ce)
471007,Ehrigite
471008,Zhonghongite
471009,Rotherkopfite
471010,Lishiite
471022,Unnamed (Rhodium (Palladium) Arsenide)
471042,Chalcopentlandite
471044,Nifesite
471046,Rundqvistite-(Ce)
471047,Tantalaeschynite-(Ce)
471048,Karlleuite
471049,Yamhamelachite
471050,Pabellondepicaite
471051,Pfaffenbergite
471052,Vladkuzminite
471053,Zincorinmanite-(Zn)
471054,Bacaferrite
471055,Midbarite
471056,Fluor-rossmanite
471057,Shiranuiite
471058,Allanite-(Sm)
471059,Fanguangite
471060,Nigelcookite
471061,Fluor-rewitzerite
471062,Siligiite
471063,Plumbojohntomaite
471064,Sperlingite
471071,Unnamed (Au-Cu Alloy)
471072,Kieselkalk
471073,Hochschildite
471089,Orbicular granite
471093,Resinite
471096,Unnamed (Bi Telluride VIII)
471097,Unnamed (Bi Telluride IX)
471098,Unnamed (Pb-Bi Telluride)
471101,Krugerite
471102,Tarutinoite
471103,Annivite-(Zn)
471104,Domitrovicite
471105,Argentotennantite-(Fe)
471106,Markwelchite
471107,Ertlite
471108,Modraite
471109,Oboniobite
471110,Miyawakiite-(Y)
471111,Manganonewberyite
471112,Annivite Subgroup
471114,Cabrerite
471133,Unnamed (La-analogue of Polezhaevaite-(Ce))
471134,Resin
471135,Siegburgite
471140,Unnamed (Mn2+-F-analogue of foitite)
471141,Unnamed (O2-analogue of rossmanite & fluor-rossmanite)
471152,Unnamed (Hg-Se Oxide)
471197,Unnamed (Hg Carbonate)
471200,Unnamed (Fe-Ni Silicide)
471214,sausserite
471224,Scandio-fluoro-eckermannite
471225,Berndlehmannite
471226,Auropolybasite
471227,Karlseifertite
471228,Chinleite-(Ce)
471229,Nannoniite
471230,Ohtaniite
471231,Calciopharmacoalumite
471232,Touretite
471233,Vegrandisite
471234,Juxingite
471235,Dacostaite
471236,Steiningerite
471237,Hoperanchite
471238,Rasmussenite
471239,Chromviskontite
471265,Sooty chalcocite
471273,Sparite
471274,Microspar
471320,Schorl-1A
471321,Oxy-dravite-1A
471322,Schorl-1M
471381,Unnamed (Cu-Al-As-S-Si-O-H)
471384,Stillwellite
471385,Steinmannite
471386,Unnamed (Pb-Cu-As-O-H)
471387,Unnamed (Cu-Al-S-As-O-H)
471392,Slottaite
471397,Syenodiorite
471404,Unnamed (Ag-Cu-Fe Sulfide III)
471405,Unnamed (Cu-Ag-Fe Sulphide II)
471407,Unnamed (Cu-analogue of annivite-(Zn))
471413,Kantorite
471414,Boevskite
471415,Belmonteite
471416,Alexearlite
471417,Zircarsite
471418,Proxitwelvefoldite
471419,Huntingdonite
471420,Auropearceite
471421,Proto-owyheeite
471422,Nacareniobsite-(Nd)
471423,Nancyrossite
471424,Shenganfuite
471425,Yellowcatite
471426,Ferroinnelite
471427,Moiraite
471429,Zincostottite
471430,Cuprosenandorite
471431,Heimaeyite
471432,Kralikite
471443,Unnamed (Te-Ag Alloy)
471444,Unnamed (Bi Sulphide II)
471448,Unnamed (Ca-Mo-As-O)
471452,Stankeithite
471456,Unnamed (Ag-Pb-Te)
471457,Unnamed (Ti-analogue of Karlleuite)
471466,Unnamed (Ni-Cu Alloy I)
471467,Unnamed (Ni-Cu Alloy II)
471468,Unnamed (Ni-Cu Alloy III)
471474,Hydroxylstibiomicrolite
471480,Wangyanite
471481,Dubinskaite
471482,Vanadoakasakaite-(Ce)
471483,Friisite
471484,Olgafrankite
471485,Marsaalamite-(Y)
471486,Hyblerite
471487,Peprossiite-(Y)
471488,Barronite
471489,Fluormacraeite
471490,Amaterasuite
471491,Nioboixiolite-(Fe3+)
471492,Rotemite
471493,Fuyuanite
471494,Zanelliite
471495,Amurselite
471507,Roseite
471559,Mn-rich fizeleyite analogue
471566,Håleniusite
471568,Unnamed (Monoclinic polymorph of ximengite)
471572,Berthierine-2H1
471575,Phyllosilicate
471584,Anorthoyttrialite-(Y)-1A
471587,Anorthoyttrialite-(Y)-2A
471592,Gartrellite-Thometzekite Series
471611,Metaheimite
471614,Meizhouite
471617,Szilagyiite
471620,Stunorthropite
471623,Stibiosegnitite
471626,Anningite-(Ce)
471629,Dulanggouite
471632,Svornostite-(NH4)
471691,Unnamed (Pd-Pt-Sn mineral)
471718,Hydroxyl-Chlorapatite
471720,Trapiche garnet
471727,Tomcampbellite
471781,Unnamed (La Oxide)
471923,Unnamed (Ag Sulphide)
471926,Fengruiite
471929,Sigogglinite
471932,Blueridgeite
471935,Lucasite-(La)
471938,Lechnerite
471941,Johnjamborite
471944,Sugarwhiteite
471947,Stillwellite-(La)
471950,Morleyite
471953,Ferroakermanite
471956,Morningstarite
471959,Guastoniite-(Y)
471962,Macivorite
471965,Magselite
471968,Anatolygurbanovite
471971,Cadsulfohite
471974,Brunovskyite
471977,Xianhuaite-(Ce)
472040,Kalgoorlite
472055,Unnamed (Cu-Re-Os-Mo Sulphide)
472058,Unnamed (K-Na-Ca Sulphate)
472064,Unnamed (Pb-Cu-As Oxide)
472069,Unnamed (Mg-analogue of Papagoite)
472070,Unnamed (Pd-Sn Arsenide)
472073,'Unnamed (Pd-Ni-As)'
472099,Ya’an Green
472129,Vanadium-bearing beryl
472143,Unnamed (hydrous iron sulfate)
472152,Unnamed (Na–Ca–K–S-rich carbonate)
472179,Microcrystalline quartz
472185,Arzamastsevite
472188,Chenzhangruite
472191,Barkovite
472194,Zavyalovite
472197,Kenomicrolite
472200,Wenqingite
472203,Wolfsriedite
472206,Akasakaite-(Ce)
472209,Akasakaite-(La)
472212,Vanadoakasakaite-(La)
472215,Asgruvanite-(Ce)
472218,Cadvanite
472221,Xiexiandeite
472224,Bariolakargiite
472227,Brusnitsynite
472230,Fuchunite
472233,Marioantofilliite
472236,Huanghoite-(Nd)
472239,Unnamed (Fe2+ analogue of Gatehouseite)
472353,Unnamed (Cl-analogue of Annite)
472374,Nickel-iron alloy
472377,"NMM/L1 (Al,Cu)-alloy"
484835,Haüyne-45Å
484838,Horiite
486524,Unnamed (Ba-Pb-analogue of kentrolite)
488767,Clinoptilolite-Heulandite Series
488770,Leybovite-K
488773,Sunshuite
488776,Guixiangite
488779,Thionasilite
488782,Katanite
488785,Vakhrushevaite
488788,Almagreraite
488791,Zoyashlyukovaite
488794,Jonlarsenite
488797,Qiumingite
488800,Grahampearsonite
488806,Fluorbritholite-(La)
488809,Puschridgeite
488812,Babunaite-(Nd)
488818,Stinkstone
489542,Skelettquarz
489545,Unnamed (Fe Antimonide)
491120,Unnamed (Bi-Ag selenide)
491123,Unnamed (trigonal Fe2Si)
491150,Unnamed (Al-Cu-Fe-Si alloy)
492995,Unnamed (Ba-dominant analogue of stibiosegnitite)
492998,Unnamed (Al-analogue of stibiosegnitite)
493013,Unnamed (ordered srilankaite)
494645,Unnamed (Pb Iodide)
494648,Unnamed (Na-Cu Arsenate Chloride Hydrate)
494651,Wangxibinite
494654,Bonaccorsiite
494657,Hopmannite
494660,Abelloemringerite
494663,Shojiite
494666,Hinokageite
494669,Yunhaoite
494672,Hubbardite
494690,Zibai Jade
494699,Banded Flint
496544,Unnamed (Ca Hydroxide Arsenate Hydrate)
496550,"Unnamed (Na-(Sr,Ba,Ca,K)-Fe Tungstophosphate)"
496631,Karite
497006,Yadanqing
498731,Polka Dot Agate
498734,Kugeldolomit
498737,Rigrahamite
498740,Sulfopadmaite
498743,Magnesiohongruiite-(Fe3+)
498746,Konzettite
498749,Gritsenkoite
498752,Kryzaite
498755,Ixiolite-(Sc)
498758,Hartkoppeite
498761,Kidodite
498764,Arsenosabugalite
498767,Jinxiuite
498770,Perchukite-(Y)
498773,Nybergite
498776,Henrysunite
498779,Chorazewiczite
498782,Nioboixiolite-(Fe2+)
498806,Unnamed (Pd-Pb-Tl-Bi-Hg Alloy)
498809,Unnamed (Pd-Tl-Sn-Pb-Bi-Hg Alloy)
498812,Unnamed (Pd-Sn-As-Te-Pb-Bi Alloy)
498815,Unnamed (Pd-As-Bi-Hg-Sn Alloy)
498823,Unnamed (Ag-Cu-Hg Selenide)
498826,Unnamed (Hg-Cu Selenide)
498883,Sb-rich Avicennite
498917,Unnamed (Ag-Hg-S-Cl)
499341,Bergbauerite
499344,Elramlyite-(Ce)
499347,Huangshanite
499350,Raudseppite
499353,Pratesiite
499356,Plumbogottlobite
499359,Zuolinite
499362,Delchiaroite
499365,Arsenobenauite
499368,Strandite
499371,Longshoushanite-(Ce)
499374,Kopernikite
499380,Unnamed (Zn-analogue of Chlormagaluminite)
499386,Unnamed (Br-analogue of Perroudite)
499389,Sulphosalt
499395,Spanoite
499398,Kopylovite
499407,Feizhoucui
499536,Unnamed (Pb analogue of Dolomite)
499545,Heijin seal stone
499554,Unnamed (Sr-Ca Fluor Phosphate)
499606,Xianhuaite-(La)
499614,Magnesiochangesite-(Y)
499616,Paulhlavaite
499618,Yulinite
499620,Plechovite
499622,Changesite-(Ce)
499624,Alexshubnikovite
